loan_id,loan_amnt,term_months,int_rate,installment,annual_inc,dti,fico_score,revol_util,open_acc,total_acc,delinq_2yrs,pub_rec,emp_length_years,home_ownership,purpose,is_default
10001,10000,60,18.32,255.68,51400.0,24.12,738,16.4,9,20,0,0,5,MORTGAGE,debt_consolidation,1
10002,30000,36,23.92,1175.73,60200.0,21.74,662,47.2,8,20,0,0,0,MORTGAGE,home_improvement,0
10003,20000,36,17.81,721.14,31000.0,29.16,770,36.6,13,23,0,0,5,RENT,credit_card,0
10004,15000,36,19.21,551.43,46000.0,17.74,713,40.0,10,13,0,0,10,OWN,debt_consolidation,0
10005,7500,36,24.13,294.76,102100.0,14.95,656,17.6,11,18,0,0,7,MORTGAGE,debt_consolidation,0
10006,7500,60,17.81,189.68,136900.0,19.32,795,67.8,10,18,0,0,10,MORTGAGE,home_improvement,0
10007,5000,36,20.0,185.82,38000.0,4.75,713,18.8,10,27,0,0,1,RENT,debt_consolidation,0
10008,25000,36,17.87,902.18,50700.0,17.77,725,42.7,4,19,0,0,5,OWN,debt_consolidation,0
10009,15000,36,23.06,581.12,65400.0,15.7,683,56.1,11,26,0,1,3,RENT,debt_consolidation,0
10010,20000,60,22.1,553.52,75100.0,20.39,659,12.0,6,15,0,1,10,MORTGAGE,small_business,0
10011,5000,36,22.47,192.17,46000.0,27.2,703,41.0,8,19,0,0,2,MORTGAGE,small_business,0
10012,35000,36,25.6,1402.72,80100.0,22.06,766,90.7,20,33,2,0,5,MORTGAGE,debt_consolidation,0
10013,25000,36,21.67,950.5,53500.0,11.13,681,28.9,6,17,2,0,7,RENT,credit_card,1
10014,10000,60,26.29,301.12,65700.0,25.02,694,37.2,13,34,3,1,5,RENT,debt_consolidation,1
10015,7500,36,19.93,278.46,84600.0,35.19,761,54.2,12,25,0,0,10,RENT,debt_consolidation,0
10016,7500,36,23.46,292.12,66400.0,27.55,681,47.5,9,24,0,0,2,MORTGAGE,home_improvement,0
10017,10000,36,18.26,362.83,54400.0,7.68,718,84.5,10,24,0,0,3,OWN,debt_consolidation,0
10018,12000,36,22.77,463.08,63000.0,21.94,734,69.6,5,13,0,0,10,RENT,debt_consolidation,1
10019,12000,36,23.23,465.96,63600.0,8.38,686,60.9,8,21,0,0,5,OWN,credit_card,0
10020,10000,36,22.49,384.44,56000.0,14.18,709,14.0,12,21,2,0,5,RENT,debt_consolidation,0
10021,15000,60,18.47,384.75,58900.0,20.08,725,41.3,10,22,0,0,0,RENT,debt_consolidation,0
10022,7500,36,24.56,296.46,135900.0,18.76,677,70.6,15,28,0,0,10,RENT,credit_card,0
10023,10000,36,21.97,381.75,85200.0,27.29,732,45.1,12,24,0,1,10,MORTGAGE,credit_card,1
10024,10000,60,27.15,306.25,57900.0,35.27,670,31.8,9,19,1,0,7,OWN,debt_consolidation,1
10025,12000,36,25.44,479.91,90500.0,21.1,665,44.7,10,33,1,0,10,MORTGAGE,debt_consolidation,0
10026,20000,36,27.26,819.3,56900.0,13.6,626,51.8,16,37,0,0,5,RENT,credit_card,0
10027,7500,36,20.9,282.18,112200.0,4.91,672,26.6,9,28,1,0,2,OWN,major_purchase,0
10028,12000,36,26.43,486.24,78100.0,30.67,658,60.3,13,25,0,0,0,MORTGAGE,debt_consolidation,0
10029,15000,60,21.99,414.2,63100.0,15.74,677,19.9,16,26,0,0,7,RENT,major_purchase,0
10030,5000,36,19.57,184.72,80900.0,16.18,723,32.9,12,28,0,0,5,RENT,credit_card,0
10031,15000,60,26.33,452.04,32600.0,16.86,617,33.0,11,28,0,0,10,RENT,home_improvement,0
10032,7500,36,28.5,312.26,39900.0,20.62,606,72.1,14,36,0,0,7,RENT,debt_consolidation,0
10033,5000,36,24.21,196.72,38700.0,20.93,661,32.1,9,22,0,2,10,RENT,debt_consolidation,0
10034,30000,36,23.08,1162.54,70600.0,14.3,716,26.7,6,18,3,0,5,RENT,debt_consolidation,0
10035,35000,36,19.47,1291.29,144300.0,15.66,708,38.7,10,23,0,0,5,MORTGAGE,debt_consolidation,0
10036,20000,36,22.52,769.2,180600.0,11.83,661,34.9,12,27,0,0,3,MORTGAGE,major_purchase,0
10037,10000,60,21.21,271.72,88200.0,11.12,748,82.1,9,23,0,0,5,MORTGAGE,debt_consolidation,0
10038,5000,36,22.01,190.98,82900.0,11.09,665,35.6,11,24,0,0,10,RENT,credit_card,0
10039,15000,60,22.84,421.48,29400.0,15.56,716,84.9,18,24,0,0,0,MORTGAGE,debt_consolidation,0
10040,12000,36,21.43,454.75,51800.0,9.92,679,41.0,16,27,0,0,10,RENT,credit_card,1
10041,7500,60,25.39,221.85,46400.0,2.0,656,70.2,15,32,0,0,10,MORTGAGE,debt_consolidation,0
10042,12000,60,21.78,329.93,50000.0,13.48,668,30.1,9,15,0,0,7,RENT,debt_consolidation,0
10043,5000,60,20.68,134.37,61300.0,7.97,728,78.9,11,27,0,0,3,MORTGAGE,debt_consolidation,0
10044,30000,60,20.2,798.16,53500.0,17.46,711,52.0,17,31,0,1,2,RENT,home_improvement,1
10045,10000,60,17.36,250.47,27200.0,11.81,739,25.4,13,24,1,0,3,RENT,debt_consolidation,0
10046,15000,36,22.97,580.41,92600.0,20.75,711,80.5,12,22,0,0,0,OWN,debt_consolidation,0
10047,10000,36,25.49,400.19,40800.0,8.42,622,32.5,8,23,0,0,5,RENT,debt_consolidation,0
10048,12000,36,14.99,415.93,73700.0,5.54,790,46.0,10,24,0,0,0,RENT,major_purchase,0
10049,15000,60,18.72,386.8,168300.0,15.68,712,61.8,13,25,0,0,7,OWN,credit_card,0
10050,7500,36,19.59,277.16,43800.0,13.17,718,26.4,10,23,0,0,3,RENT,credit_card,1
10051,35000,60,20.51,937.25,24000.0,7.55,678,8.0,8,23,2,0,2,MORTGAGE,credit_card,0
10052,20000,36,22.43,768.27,58200.0,24.13,745,80.1,5,17,0,0,5,RENT,debt_consolidation,1
10053,30000,36,23.55,1169.91,108600.0,9.28,646,35.2,13,30,0,0,10,RENT,credit_card,0
10054,25000,36,17.45,896.93,159700.0,10.83,722,16.6,12,24,0,0,7,MORTGAGE,debt_consolidation,0
10055,15000,36,28.5,624.51,38100.0,26.41,601,57.2,12,23,0,0,5,RENT,debt_consolidation,1
10056,30000,36,20.03,1115.37,82700.0,21.35,725,42.9,9,24,0,0,10,RENT,credit_card,0
10057,5000,36,23.41,194.62,53700.0,8.7,646,43.7,12,25,0,0,10,OWN,credit_card,0
10058,7500,36,18.74,273.94,63100.0,13.81,707,46.2,7,22,0,2,10,OWN,debt_consolidation,1
10059,5000,36,17.78,180.21,217500.0,8.19,756,74.4,11,22,0,0,2,MORTGAGE,debt_consolidation,0
10060,10000,36,22.52,384.6,33600.0,25.46,732,60.2,12,24,0,0,10,MORTGAGE,home_improvement,0
10061,12000,36,16.69,425.98,74200.0,25.45,750,19.3,11,25,0,0,3,MORTGAGE,credit_card,0
10062,10000,60,22.6,279.61,81700.0,37.82,745,12.9,12,21,1,0,10,MORTGAGE,debt_consolidation,0
10063,25000,36,27.25,1023.99,107900.0,42.0,671,72.7,8,18,1,0,3,RENT,debt_consolidation,1
10064,10000,36,20.35,373.42,69200.0,11.73,722,96.7,15,25,0,0,10,MORTGAGE,small_business,0
10065,10000,36,27.33,410.02,76000.0,23.43,617,54.2,9,14,0,0,10,RENT,credit_card,1
10066,15000,36,21.86,571.77,55500.0,5.01,664,45.2,16,27,0,0,1,RENT,major_purchase,0
10067,7500,36,17.75,270.2,74700.0,18.15,758,53.9,13,24,0,0,10,RENT,debt_consolidation,0
10068,20000,36,27.28,819.51,56700.0,20.44,678,52.3,12,29,3,0,1,MORTGAGE,debt_consolidation,1
10069,5000,36,27.01,204.15,87500.0,9.58,611,48.0,9,21,0,0,2,MORTGAGE,debt_consolidation,1
10070,35000,36,17.56,1257.62,56000.0,11.33,786,61.9,12,19,0,2,5,MORTGAGE,credit_card,0
10071,20000,36,21.02,753.71,78400.0,25.54,720,47.9,7,18,0,0,10,MORTGAGE,debt_consolidation,0
10072,7500,60,18.73,193.44,65300.0,20.7,729,26.8,10,21,0,0,5,OWN,debt_consolidation,0
10073,5000,60,27.89,155.35,109800.0,35.44,651,69.5,16,22,0,0,5,RENT,debt_consolidation,1
10074,20000,36,25.62,801.77,64700.0,33.41,708,38.5,8,19,0,0,7,MORTGAGE,credit_card,0
10075,20000,36,19.4,737.17,29800.0,5.95,707,48.2,11,26,0,0,10,RENT,debt_consolidation,0
10076,20000,36,26.23,808.26,116800.0,12.38,658,69.4,13,30,0,0,10,MORTGAGE,credit_card,1
10077,20000,36,22.9,773.15,44000.0,9.0,687,67.8,8,21,0,0,2,RENT,small_business,1
10078,5000,60,28.06,155.86,49300.0,23.93,627,74.3,17,26,0,1,3,MORTGAGE,credit_card,1
10079,10000,36,23.13,387.78,50600.0,19.07,679,65.8,12,23,0,0,1,RENT,debt_consolidation,1
10080,7500,36,19.84,278.12,122800.0,9.37,739,66.7,17,29,0,0,7,MORTGAGE,major_purchase,0
10081,25000,36,21.56,949.08,25300.0,10.23,661,42.6,21,30,0,0,2,MORTGAGE,debt_consolidation,0
10082,15000,36,18.41,545.38,260000.0,29.78,781,25.4,9,22,1,0,2,MORTGAGE,debt_consolidation,0
10083,10000,36,25.65,401.04,106400.0,13.15,630,13.8,10,21,1,0,10,MORTGAGE,major_purchase,0
10084,5000,36,24.13,196.51,73200.0,4.48,683,64.6,13,22,2,0,3,RENT,debt_consolidation,0
10085,10000,36,22.32,383.56,64600.0,8.89,665,57.2,14,20,0,0,5,MORTGAGE,debt_consolidation,1
10086,10000,36,25.43,399.88,75200.0,39.06,687,23.3,11,26,1,0,5,RENT,debt_consolidation,1
10087,20000,36,18.69,729.99,83700.0,26.79,757,48.3,6,19,0,0,0,RENT,debt_consolidation,0
10088,15000,36,23.95,588.1,88500.0,7.88,651,25.7,14,24,1,0,3,RENT,credit_card,1
10089,25000,36,24.54,987.92,85000.0,18.14,675,75.5,19,30,0,0,5,RENT,debt_consolidation,0
10090,12000,36,23.55,467.96,68900.0,25.97,724,64.4,12,23,2,0,10,MORTGAGE,credit_card,1
10091,7500,36,20.56,280.87,60500.0,5.89,699,74.0,15,39,0,0,3,RENT,credit_card,0
10092,20000,36,23.27,777.01,61800.0,27.41,703,65.6,10,20,0,0,3,OWN,debt_consolidation,0
10093,20000,36,22.51,769.1,60600.0,20.6,652,9.7,10,16,0,0,10,RENT,debt_consolidation,0
10094,15000,36,23.36,583.46,110200.0,10.95,692,80.4,8,12,0,0,10,RENT,debt_consolidation,0
10095,20000,60,17.42,501.58,86400.0,22.26,746,23.7,14,30,0,0,10,RENT,home_improvement,0
10096,12000,36,28.5,499.61,24000.0,19.2,623,58.1,10,17,0,0,10,MORTGAGE,credit_card,0
10097,12000,36,26.66,487.72,88900.0,19.87,664,67.2,8,16,0,0,10,RENT,small_business,1
10098,12000,36,28.5,499.61,72200.0,17.81,613,67.5,11,21,0,0,5,OWN,debt_consolidation,1
10099,5000,36,16.7,177.52,65600.0,10.01,719,21.5,18,36,0,0,10,MORTGAGE,debt_consolidation,0
10100,7500,36,16.38,265.09,55600.0,11.09,750,73.0,12,26,0,2,5,RENT,debt_consolidation,0
10101,5000,36,21.53,189.74,109700.0,14.53,687,49.6,11,22,0,0,3,MORTGAGE,debt_consolidation,0
10102,15000,60,24.84,438.86,101400.0,16.9,650,49.1,8,19,0,0,3,MORTGAGE,debt_consolidation,1
10103,10000,36,24.49,394.91,46700.0,22.92,651,36.2,13,27,0,0,2,RENT,major_purchase,1
10104,12000,36,26.31,485.47,79500.0,39.52,682,68.7,9,22,0,0,1,RENT,debt_consolidation,0
10105,30000,36,22.28,1150.06,42700.0,18.58,681,78.8,7,21,0,0,2,OWN,major_purchase,0
10106,10000,60,18.78,258.2,35600.0,22.72,736,36.8,11,21,0,0,0,OWN,debt_consolidation,0
10107,12000,36,24.7,475.22,49900.0,25.32,665,51.9,22,37,0,0,10,MORTGAGE,small_business,1
10108,20000,60,22.1,553.52,97500.0,23.53,715,71.2,18,28,0,0,10,RENT,debt_consolidation,0
10109,10000,36,19.64,369.8,101600.0,9.8,681,22.6,14,26,0,0,7,MORTGAGE,small_business,0
10110,5000,60,28.5,157.19,83400.0,31.15,661,70.0,10,19,2,0,10,MORTGAGE,debt_consolidation,1
10111,10000,36,27.83,412.72,91700.0,28.78,680,76.5,16,33,0,0,2,MORTGAGE,major_purchase,0
10112,7500,60,21.6,205.44,83500.0,17.68,710,44.0,8,20,0,0,10,RENT,debt_consolidation,0
10113,30000,36,21.24,1133.95,49600.0,10.13,736,84.6,16,31,0,1,5,RENT,debt_consolidation,0
10114,20000,60,24.0,575.36,80400.0,16.76,684,74.0,12,25,0,0,0,RENT,debt_consolidation,0
10115,15000,36,21.5,568.98,94900.0,6.37,641,42.2,14,22,0,0,1,RENT,debt_consolidation,0
10116,25000,36,21.34,946.25,92900.0,33.14,740,27.7,12,23,0,0,3,MORTGAGE,credit_card,0
10117,20000,36,23.9,783.61,113000.0,11.66,655,26.7,9,24,0,0,0,RENT,major_purchase,0
10118,7500,60,23.57,213.89,91000.0,14.14,707,71.5,8,20,0,0,3,MORTGAGE,credit_card,0
10119,25000,36,26.31,1011.4,77500.0,31.99,694,78.1,13,23,0,1,0,MORTGAGE,credit_card,0
10120,15000,36,24.05,588.89,107100.0,30.13,688,46.1,13,20,0,0,2,RENT,debt_consolidation,1
10121,20000,36,27.55,822.42,65400.0,19.59,673,39.9,12,20,3,1,2,RENT,credit_card,0
10122,25000,36,23.99,980.69,44500.0,35.57,723,58.2,12,29,0,0,10,RENT,debt_consolidation,0
10123,10000,60,26.91,304.82,61500.0,9.62,580,74.8,13,27,0,0,2,RENT,small_business,0
10124,7500,36,23.45,292.08,47300.0,19.59,746,60.1,8,21,2,0,2,RENT,debt_consolidation,0
10125,10000,60,26.33,301.36,48800.0,9.67,654,94.0,13,24,1,0,7,RENT,credit_card,1
10126,12000,36,26.03,483.68,62000.0,27.92,713,69.5,13,21,0,0,10,MORTGAGE,debt_consolidation,0
10127,20000,36,20.54,748.79,46300.0,27.44,711,18.8,10,16,0,0,3,MORTGAGE,debt_consolidation,0
10128,25000,60,22.0,690.47,57600.0,36.8,752,57.4,8,17,0,0,10,MORTGAGE,debt_consolidation,1
10129,5000,36,22.4,191.99,28200.0,16.5,704,69.8,13,25,0,0,3,MORTGAGE,debt_consolidation,0
10130,12000,36,26.75,488.29,72800.0,41.79,658,45.8,17,29,0,0,2,MORTGAGE,debt_consolidation,0
10131,12000,36,25.62,481.06,66200.0,9.21,623,51.3,10,27,0,0,3,OWN,debt_consolidation,1
10132,10000,36,21.16,377.57,45800.0,16.04,679,11.6,7,15,0,0,7,RENT,home_improvement,0
10133,7500,36,26.84,305.55,89000.0,9.4,607,42.5,14,20,0,0,3,RENT,debt_consolidation,0
10134,10000,60,23.92,287.22,100900.0,18.25,667,36.7,14,25,0,0,7,MORTGAGE,small_business,1
10135,30000,60,21.41,818.54,32100.0,9.87,682,42.5,13,27,0,0,2,MORTGAGE,debt_consolidation,0
10136,10000,36,24.35,394.17,46900.0,27.96,664,49.6,15,20,0,0,7,MORTGAGE,debt_consolidation,0
10137,12000,36,22.12,459.03,46800.0,20.94,697,65.0,13,24,0,0,3,RENT,credit_card,1
10138,20000,36,21.46,758.23,43300.0,8.76,684,13.9,5,18,0,0,5,MORTGAGE,debt_consolidation,0
10139,10000,36,26.03,403.07,96100.0,24.79,680,90.1,7,13,0,0,5,RENT,debt_consolidation,1
10140,35000,36,28.5,1457.2,60600.0,34.34,586,69.3,8,19,3,0,7,RENT,credit_card,1
10141,35000,36,26.79,1424.94,58700.0,21.96,637,83.9,12,20,0,1,2,RENT,debt_consolidation,1
10142,10000,36,20.61,374.75,26900.0,7.31,724,36.4,10,20,0,0,10,MORTGAGE,credit_card,0
10143,12000,60,20.92,324.1,88100.0,15.25,731,72.4,7,22,1,0,10,RENT,debt_consolidation,0
10144,10000,60,27.9,310.76,37900.0,23.36,612,62.8,9,21,0,0,2,RENT,debt_consolidation,1
10145,10000,60,25.46,296.22,68000.0,14.5,658,44.6,11,27,1,0,10,RENT,home_improvement,1
10146,5000,36,18.31,181.54,75000.0,9.14,743,36.5,14,24,0,0,7,MORTGAGE,credit_card,0
10147,15000,36,25.52,600.53,122100.0,29.53,663,31.1,10,24,0,0,5,MORTGAGE,debt_consolidation,1
10148,12000,36,19.89,445.29,36700.0,14.17,690,59.3,9,23,0,0,1,MORTGAGE,home_improvement,0
10149,5000,60,19.37,130.72,24000.0,34.35,760,40.1,7,14,0,0,5,OWN,small_business,1
10150,10000,36,22.92,386.68,71900.0,12.42,679,93.4,9,21,0,0,2,RENT,debt_consolidation,1
10151,30000,60,22.96,845.02,148800.0,13.73,672,57.5,10,23,1,0,5,OWN,debt_consolidation,0
10152,10000,36,19.43,368.74,115600.0,11.89,688,9.0,6,13,0,0,5,RENT,small_business,0
10153,7500,36,13.78,255.53,72700.0,15.11,778,44.6,16,25,0,0,7,MORTGAGE,debt_consolidation,0
10154,12000,60,22.1,332.11,53000.0,20.77,715,43.7,13,30,0,0,2,RENT,debt_consolidation,0
10155,35000,36,21.22,1322.58,95100.0,9.42,696,43.5,10,22,0,0,10,MORTGAGE,debt_consolidation,0
10156,10000,60,24.0,287.68,42700.0,8.42,671,51.0,10,30,0,0,3,OWN,credit_card,0
10157,15000,60,16.21,366.45,82000.0,5.81,719,25.1,9,25,0,1,5,RENT,small_business,0
10158,20000,36,17.88,721.84,83100.0,5.37,725,64.8,10,18,0,1,10,RENT,credit_card,0
10159,10000,36,24.85,396.81,106600.0,7.36,647,56.0,11,23,0,0,7,RENT,major_purchase,0
10160,20000,36,20.03,743.58,229100.0,12.37,726,37.6,11,20,0,0,3,RENT,debt_consolidation,0
10161,10000,60,26.1,300.0,79000.0,18.08,688,60.9,6,20,1,0,3,OWN,debt_consolidation,1
10162,15000,36,23.43,584.01,52600.0,20.2,696,45.5,11,17,0,1,3,MORTGAGE,credit_card,0
10163,15000,36,24.89,595.53,65400.0,17.66,655,55.6,12,23,0,0,7,RENT,major_purchase,0
10164,15000,36,23.25,582.6,29800.0,32.43,677,21.2,13,26,0,0,3,RENT,debt_consolidation,0
10165,5000,60,28.5,157.19,48400.0,37.48,649,88.6,19,26,0,0,10,OWN,debt_consolidation,0
10166,25000,36,22.5,961.24,55000.0,14.2,646,23.3,12,26,0,0,7,RENT,debt_consolidation,1
10167,10000,36,22.11,382.47,52300.0,9.51,712,35.6,7,20,2,0,1,OWN,debt_consolidation,0
10168,7500,60,24.69,218.77,70900.0,42.0,679,21.8,13,24,0,0,3,RENT,debt_consolidation,1
10169,5000,36,26.66,203.22,45700.0,29.03,637,34.1,10,22,0,0,2,MORTGAGE,debt_consolidation,0
10170,15000,36,19.31,552.19,109600.0,27.98,793,54.1,14,23,0,0,5,RENT,small_business,0
10171,15000,60,21.61,410.96,66200.0,12.1,644,7.0,10,28,0,0,5,RENT,debt_consolidation,0
10172,5000,36,20.64,187.45,65900.0,25.09,744,72.3,11,23,0,0,5,RENT,credit_card,1
10173,12000,60,27.73,371.68,57100.0,17.73,629,58.7,4,15,1,0,10,MORTGAGE,debt_consolidation,1
10174,10000,36,17.99,361.47,71000.0,15.87,716,29.6,6,17,0,0,2,RENT,debt_consolidation,0
10175,15000,36,21.82,571.46,95900.0,15.86,684,23.6,10,15,0,0,10,MORTGAGE,credit_card,0
10176,7500,60,24.79,219.21,44800.0,21.25,667,59.7,9,20,0,0,3,RENT,small_business,1
10177,15000,36,24.24,590.38,49200.0,32.95,704,61.6,11,20,0,0,3,MORTGAGE,debt_consolidation,1
10178,12000,36,25.12,477.88,57700.0,42.0,698,36.1,12,26,0,0,7,RENT,small_business,1
10179,30000,36,22.62,1155.36,36100.0,13.25,658,37.7,11,24,1,0,10,MORTGAGE,home_improvement,1
10180,7500,36,24.2,295.03,45800.0,18.24,656,12.8,16,28,0,0,3,MORTGAGE,debt_consolidation,0
10181,10000,36,28.36,415.58,53400.0,15.66,624,81.5,9,20,1,0,10,OWN,debt_consolidation,1
10182,7500,36,21.01,282.6,98100.0,20.55,709,48.4,14,26,0,0,10,MORTGAGE,credit_card,0
10183,30000,60,26.24,902.48,74500.0,14.66,639,56.9,15,27,0,0,10,MORTGAGE,debt_consolidation,0
10184,25000,36,24.53,987.79,72200.0,41.17,695,16.4,11,18,0,0,0,MORTGAGE,debt_consolidation,0
10185,10000,36,20.97,376.6,97000.0,11.34,722,33.8,11,18,0,0,10,RENT,debt_consolidation,0
10186,15000,36,20.85,563.97,62200.0,13.26,704,15.1,14,23,2,0,10,RENT,debt_consolidation,0
10187,20000,60,22.45,557.51,78900.0,12.2,662,59.3,15,24,0,0,7,MORTGAGE,small_business,0
10188,15000,36,18.62,546.96,63200.0,15.27,736,68.5,9,20,0,0,10,RENT,debt_consolidation,0
10189,12000,60,21.63,328.91,74600.0,7.68,677,48.8,10,24,0,0,10,MORTGAGE,debt_consolidation,0
10190,10000,36,24.97,397.44,50900.0,12.33,635,61.0,14,28,0,0,5,RENT,debt_consolidation,1
10191,5000,36,24.0,196.16,24000.0,20.45,682,53.7,10,22,1,0,0,RENT,credit_card,1
10192,25000,36,21.57,949.21,62300.0,20.37,721,67.1,4,15,0,0,5,OWN,credit_card,0
10193,30000,36,23.6,1170.69,125500.0,18.77,665,68.5,12,24,0,1,0,OWN,major_purchase,0
10194,15000,36,23.3,582.99,100400.0,31.54,735,16.2,14,28,1,0,3,MORTGAGE,home_improvement,0
10195,10000,36,23.07,387.46,102200.0,20.86,660,37.7,13,24,0,0,7,MORTGAGE,credit_card,0
10196,10000,60,26.65,303.26,115400.0,31.03,666,52.9,20,31,1,0,3,RENT,debt_consolidation,0
10197,20000,36,25.2,797.31,68900.0,42.0,648,42.9,11,22,0,0,7,MORTGAGE,debt_consolidation,1
10198,25000,36,19.87,927.43,72300.0,25.41,726,31.9,11,19,1,0,10,MORTGAGE,credit_card,1
10199,25000,36,20.5,935.47,50100.0,7.7,693,62.6,11,22,0,0,5,MORTGAGE,home_improvement,0
10200,20000,36,23.56,780.04,57400.0,19.15,651,32.3,9,21,0,1,10,MORTGAGE,major_purchase,0
10201,15000,36,25.58,601.01,87300.0,17.74,677,53.6,9,19,1,0,0,RENT,credit_card,1
10202,5000,36,28.5,208.17,113700.0,34.32,580,41.8,18,28,0,0,10,MORTGAGE,debt_consolidation,0
10203,7500,36,18.98,274.84,62100.0,15.56,730,28.0,14,25,0,0,10,MORTGAGE,debt_consolidation,0
10204,25000,60,21.75,686.92,54000.0,10.49,687,43.0,16,23,0,0,3,RENT,debt_consolidation,0
10205,15000,36,28.5,624.51,66200.0,12.72,587,65.3,12,22,0,1,3,MORTGAGE,debt_consolidation,0
10206,5000,36,26.38,202.47,86700.0,7.88,629,34.0,13,31,1,0,3,OWN,debt_consolidation,0
10207,7500,60,19.8,197.87,34600.0,2.0,676,59.0,9,21,0,0,10,MORTGAGE,debt_consolidation,0
10208,15000,60,28.5,471.57,24000.0,41.27,636,51.2,12,24,0,0,10,RENT,debt_consolidation,1
10209,5000,36,20.09,186.05,51700.0,16.66,731,16.6,6,19,0,0,3,MORTGAGE,credit_card,0
10210,7500,60,19.35,196.0,38200.0,8.32,714,15.3,11,24,0,0,7,MORTGAGE,debt_consolidation,0
10211,15000,36,25.09,597.11,52600.0,35.85,711,32.1,5,18,0,0,1,MORTGAGE,credit_card,0
10212,15000,36,28.5,624.51,61900.0,38.84,580,20.8,9,22,0,0,5,RENT,debt_consolidation,0
10213,15000,36,24.96,596.08,54000.0,18.06,671,94.5,11,23,0,0,10,RENT,debt_consolidation,0
10214,10000,36,20.27,373.01,127200.0,7.45,664,70.5,9,18,0,0,1,RENT,major_purchase,0
10215,20000,36,21.94,763.19,76700.0,12.88,652,42.3,9,15,0,0,10,MORTGAGE,debt_consolidation,1
10216,10000,60,23.15,282.77,75800.0,14.69,676,42.7,11,24,1,0,10,MORTGAGE,major_purchase,0
10217,10000,36,24.04,392.54,87600.0,16.95,644,41.0,12,27,0,0,10,MORTGAGE,debt_consolidation,0
10218,20000,36,19.99,743.17,39600.0,8.94,705,68.0,7,19,0,0,2,MORTGAGE,debt_consolidation,0
10219,15000,36,22.92,580.02,105600.0,26.44,729,45.7,16,26,1,2,2,MORTGAGE,debt_consolidation,0
10220,25000,60,18.19,637.42,64000.0,4.19,726,47.7,9,19,0,1,0,OWN,debt_consolidation,0
10221,15000,36,28.5,624.51,89500.0,28.57,689,68.3,14,32,3,0,10,RENT,debt_consolidation,0
10222,15000,36,18.87,548.85,40900.0,31.56,785,35.8,10,25,0,0,7,RENT,credit_card,0
10223,5000,36,15.95,175.66,32900.0,13.58,746,14.8,9,20,0,0,2,RENT,debt_consolidation,0
10224,10000,36,24.56,395.27,95600.0,15.95,690,75.1,10,22,0,0,10,RENT,credit_card,0
10225,10000,60,24.67,291.58,78400.0,33.51,673,59.4,12,26,0,0,3,MORTGAGE,debt_consolidation,1
10226,10000,60,19.37,261.45,44100.0,22.92,755,62.0,16,25,0,0,1,RENT,debt_consolidation,0
10227,35000,36,21.45,1326.73,44700.0,13.84,740,67.9,8,30,1,0,5,RENT,small_business,0
10228,12000,60,23.85,344.17,109800.0,14.73,632,67.2,12,20,0,0,1,MORTGAGE,home_improvement,0
10229,25000,36,18.03,904.19,38700.0,21.31,744,31.6,11,22,0,2,2,MORTGAGE,debt_consolidation,1
10230,15000,60,24.99,440.18,138600.0,39.42,688,20.0,9,22,0,0,3,OWN,debt_consolidation,0
10231,20000,36,24.65,791.5,44100.0,14.97,656,75.6,13,29,0,0,10,RENT,debt_consolidation,1
10232,12000,36,24.51,474.01,88200.0,13.61,606,50.4,11,15,0,0,10,MORTGAGE,major_purchase,0
10233,15000,36,20.76,563.28,57100.0,16.89,683,5.5,4,10,1,2,5,RENT,debt_consolidation,0
10234,12000,36,20.76,450.62,86800.0,16.95,694,59.4,12,22,0,0,10,MORTGAGE,home_improvement,0
10235,7500,36,17.2,268.14,51800.0,19.44,766,23.0,11,20,0,0,5,RENT,debt_consolidation,0
10236,20000,36,18.59,728.98,61500.0,15.98,738,36.6,9,21,0,1,3,MORTGAGE,major_purchase,0
10237,10000,36,24.62,395.59,67400.0,29.41,669,44.5,17,32,1,0,10,MORTGAGE,debt_consolidation,0
10238,5000,36,22.18,191.42,42200.0,10.04,713,48.3,8,22,3,0,7,RENT,debt_consolidation,1
10239,15000,36,21.14,566.2,92400.0,20.54,732,86.9,10,29,0,0,7,RENT,credit_card,1
10240,7500,36,23.69,293.03,52500.0,20.95,699,19.0,10,24,2,1,7,RENT,major_purchase,0
10241,30000,60,22.23,832.5,59700.0,10.55,669,61.9,14,26,0,0,7,MORTGAGE,major_purchase,0
10242,30000,36,27.05,1225.56,42300.0,20.43,671,46.5,11,24,2,0,3,RENT,credit_card,0
10243,30000,36,20.91,1128.87,24000.0,21.22,712,31.4,4,10,0,0,10,MORTGAGE,credit_card,0
10244,10000,36,20.05,371.89,60700.0,2.99,714,66.0,12,23,0,0,2,MORTGAGE,credit_card,0
10245,5000,60,20.09,132.72,196000.0,9.5,682,55.6,17,25,0,0,10,OWN,credit_card,0
10246,30000,36,28.5,1249.03,94200.0,34.9,580,25.7,11,22,0,0,3,MORTGAGE,home_improvement,0
10247,12000,36,26.59,487.27,65600.0,11.98,637,64.4,11,19,0,0,1,MORTGAGE,debt_consolidation,0
10248,35000,60,17.94,887.63,58800.0,8.31,723,47.5,16,31,0,0,7,MORTGAGE,credit_card,0
10249,35000,60,26.21,1052.27,66800.0,5.21,599,76.8,16,32,0,0,3,MORTGAGE,debt_consolidation,1
10250,25000,36,19.01,916.53,84600.0,9.0,748,62.5,11,18,1,0,10,RENT,credit_card,1
10251,10000,36,18.71,365.1,38900.0,15.62,742,60.0,12,27,0,0,5,OWN,small_business,0
10252,12000,36,20.25,447.49,109300.0,7.96,697,44.7,11,21,0,0,7,RENT,debt_consolidation,0
10253,25000,60,22.04,691.04,91300.0,23.07,722,81.9,12,19,0,0,3,RENT,debt_consolidation,1
10254,10000,36,19.9,371.13,91400.0,10.44,719,47.9,16,21,2,0,2,RENT,debt_consolidation,0
10255,7500,36,23.55,292.48,80600.0,19.52,690,11.9,11,22,1,0,3,OWN,debt_consolidation,0
10256,15000,60,28.5,471.57,66800.0,32.43,633,50.5,17,32,0,0,7,MORTGAGE,debt_consolidation,0
10257,30000,36,22.14,1147.89,89600.0,31.43,739,61.7,11,18,0,0,7,OWN,small_business,0
10258,15000,36,17.85,541.16,86400.0,19.35,758,40.8,8,18,0,0,7,MORTGAGE,credit_card,1
10259,15000,36,22.77,578.85,56400.0,8.66,641,36.4,8,24,0,0,10,OWN,home_improvement,0
10260,5000,36,24.64,197.85,51100.0,16.19,631,50.6,16,25,0,0,7,MORTGAGE,debt_consolidation,0
10261,15000,36,20.03,557.68,69300.0,19.67,689,13.5,13,30,1,0,10,RENT,small_business,1
10262,35000,36,28.5,1457.2,132900.0,42.0,667,70.8,10,20,0,1,1,RENT,credit_card,0
10263,7500,36,19.86,278.19,37900.0,5.18,702,53.5,16,31,0,0,0,OWN,debt_consolidation,0
10264,12000,36,18.51,436.91,34200.0,16.22,749,89.1,9,29,0,0,3,RENT,credit_card,0
10265,25000,60,28.5,785.95,71300.0,22.66,594,70.4,10,25,0,0,1,MORTGAGE,major_purchase,0
10266,20000,36,17.76,720.64,67700.0,17.58,766,44.3,11,20,0,0,5,RENT,debt_consolidation,0
10267,15000,60,22.69,420.19,71500.0,18.59,677,33.6,12,28,0,0,5,MORTGAGE,credit_card,0
10268,20000,36,19.5,738.19,73800.0,10.8,718,67.2,19,27,0,0,7,MORTGAGE,small_business,1
10269,10000,60,22.77,280.58,59800.0,26.21,723,70.2,13,29,1,0,10,MORTGAGE,debt_consolidation,1
10270,10000,60,18.07,254.32,129400.0,16.95,728,27.9,7,19,0,0,10,MORTGAGE,credit_card,0
10271,20000,36,18.59,728.98,32200.0,18.55,698,30.1,7,15,0,0,10,RENT,debt_consolidation,0
10272,20000,60,26.64,606.41,45600.0,27.6,708,81.0,16,28,2,0,1,OWN,debt_consolidation,1
10273,25000,60,20.49,669.18,63200.0,14.07,708,58.4,20,40,0,0,3,OWN,credit_card,0
10274,30000,36,27.41,1231.36,31600.0,30.58,667,50.2,18,31,0,0,2,MORTGAGE,debt_consolidation,0
10275,12000,36,24.64,474.84,61100.0,7.8,616,49.5,5,22,0,0,2,MORTGAGE,credit_card,0
10276,12000,36,27.04,490.16,139800.0,19.1,640,75.5,10,22,0,0,5,MORTGAGE,debt_consolidation,0
10277,20000,60,22.63,559.57,66800.0,10.42,690,41.0,14,22,0,0,5,MORTGAGE,debt_consolidation,0
10278,15000,60,21.26,408.0,73400.0,8.91,660,46.0,11,28,0,2,2,MORTGAGE,debt_consolidation,0
10279,20000,60,25.72,595.5,37500.0,39.2,660,33.7,6,15,0,0,7,MORTGAGE,debt_consolidation,0
10280,20000,36,14.01,683.65,50100.0,8.05,776,30.1,5,19,0,0,10,RENT,debt_consolidation,0
10281,25000,60,17.33,625.76,55900.0,17.12,734,46.3,11,27,0,0,0,RENT,home_improvement,1
10282,10000,36,24.59,395.43,57400.0,7.68,684,95.8,7,24,1,0,5,RENT,major_purchase,1
10283,10000,36,23.7,390.76,117800.0,29.65,725,57.1,13,22,0,0,10,MORTGAGE,small_business,0
10284,5000,36,25.68,200.6,85000.0,13.32,676,64.6,14,25,1,0,5,RENT,debt_consolidation,0
10285,15000,36,23.44,584.09,40100.0,27.52,700,27.8,13,25,0,1,3,RENT,small_business,0
10286,5000,36,21.27,189.07,73900.0,22.27,715,61.8,10,20,0,0,2,MORTGAGE,small_business,0
10287,12000,36,25.69,481.51,82800.0,42.0,676,56.1,9,26,0,0,2,MORTGAGE,debt_consolidation,1
10288,15000,36,24.58,593.07,110500.0,6.75,664,44.1,9,24,0,0,1,MORTGAGE,debt_consolidation,0
10289,10000,36,18.74,365.25,134800.0,9.45,750,71.3,10,29,0,0,10,MORTGAGE,debt_consolidation,0
10290,15000,36,21.39,568.13,41900.0,26.79,723,83.7,12,27,0,0,1,MORTGAGE,debt_consolidation,0
10291,5000,36,28.5,208.17,45900.0,19.57,594,44.0,9,21,0,0,3,MORTGAGE,major_purchase,0
10292,5000,36,23.77,195.56,37600.0,14.62,665,61.7,13,30,0,0,0,MORTGAGE,credit_card,1
10293,25000,36,26.88,1019.02,59600.0,41.22,660,76.7,16,26,1,0,10,MORTGAGE,credit_card,1
10294,10000,36,27.07,408.63,81600.0,16.51,667,87.4,15,23,0,0,0,RENT,debt_consolidation,0
10295,7500,36,16.45,265.35,103200.0,10.65,734,63.2,12,20,0,0,3,MORTGAGE,debt_consolidation,0
10296,12000,36,24.8,475.85,63900.0,27.69,696,71.3,10,24,0,0,7,RENT,debt_consolidation,0
10297,20000,36,28.5,832.68,57300.0,16.79,632,58.9,8,15,3,0,5,MORTGAGE,major_purchase,1
10298,10000,36,25.82,401.95,70800.0,17.48,678,61.2,14,23,1,1,3,MORTGAGE,debt_consolidation,0
10299,15000,36,24.31,590.94,45400.0,23.22,719,41.9,12,22,1,0,3,RENT,small_business,0
10300,5000,60,25.18,147.28,169400.0,23.67,685,60.2,12,29,0,0,10,RENT,debt_consolidation,0
10301,5000,36,24.3,196.95,32100.0,9.38,666,42.5,8,17,0,0,10,MORTGAGE,credit_card,0
10302,15000,36,21.32,567.59,71900.0,14.17,710,68.2,11,21,0,0,3,RENT,credit_card,0
10303,15000,36,14.5,516.31,164500.0,7.27,768,29.8,13,27,0,0,0,RENT,home_improvement,0
10304,15000,36,24.02,588.65,66400.0,19.72,716,58.8,10,21,2,0,0,MORTGAGE,debt_consolidation,0
10305,20000,36,22.62,770.24,60700.0,38.85,754,37.6,15,22,0,0,10,MORTGAGE,debt_consolidation,0
10306,35000,36,24.05,1374.07,56300.0,9.61,669,40.3,7,14,2,0,5,RENT,debt_consolidation,1
10307,12000,36,23.03,464.7,61000.0,6.46,695,84.8,9,20,0,0,10,MORTGAGE,major_purchase,0
10308,10000,36,20.94,376.44,122700.0,11.63,694,67.3,20,36,0,0,7,MORTGAGE,debt_consolidation,1
10309,20000,36,19.15,734.64,24500.0,14.55,700,29.6,8,12,0,1,10,MORTGAGE,debt_consolidation,0
10310,10000,60,23.81,286.58,131900.0,23.78,715,64.5,11,21,0,2,10,RENT,debt_consolidation,1
10311,12000,60,25.26,354.05,34900.0,13.75,654,68.2,7,23,0,1,10,OWN,debt_consolidation,0
10312,5000,36,18.32,181.57,58700.0,19.9,724,57.3,13,21,0,0,5,RENT,home_improvement,0
10313,5000,60,25.73,148.9,54500.0,12.58,622,73.8,17,35,0,0,3,RENT,major_purchase,0
10314,35000,36,22.24,1341.02,86200.0,14.98,635,53.6,8,23,0,0,5,OWN,debt_consolidation,1
10315,25000,36,14.05,855.05,32200.0,10.45,791,37.9,14,25,0,0,5,RENT,small_business,0
10316,15000,36,21.03,565.36,81500.0,8.64,672,37.7,9,30,0,0,7,RENT,credit_card,0
10317,12000,36,20.73,450.44,164500.0,24.21,728,56.9,3,11,0,1,2,OWN,debt_consolidation,0
10318,7500,60,19.04,194.72,35800.0,13.06,771,67.8,10,24,0,0,7,MORTGAGE,small_business,0
10319,7500,36,28.5,312.26,72100.0,20.64,591,44.2,11,24,0,0,5,RENT,credit_card,1
10320,10000,60,21.85,275.34,49100.0,10.36,746,41.9,11,22,1,1,7,RENT,debt_consolidation,0
10321,15000,36,19.77,555.7,80100.0,16.56,724,31.7,18,31,0,0,2,OWN,credit_card,0
10322,20000,60,15.87,484.98,66700.0,4.26,769,44.1,11,24,0,0,5,RENT,debt_consolidation,0
10323,15000,36,24.66,593.7,49600.0,13.59,642,46.4,8,16,0,0,2,RENT,debt_consolidation,0
10324,10000,36,16.31,353.1,82400.0,10.99,760,41.7,16,30,0,0,10,OWN,credit_card,0
10325,30000,36,23.48,1168.81,149000.0,29.06,662,22.5,13,25,0,0,5,RENT,home_improvement,0
10326,20000,36,18.81,731.2,60700.0,7.86,742,78.6,8,19,0,0,2,MORTGAGE,credit_card,0
10327,15000,36,23.17,581.98,91500.0,15.31,693,83.7,11,22,0,0,0,MORTGAGE,debt_consolidation,1
10328,15000,36,19.39,552.8,37000.0,19.59,730,37.2,14,26,0,2,7,RENT,major_purchase,1
10329,12000,60,24.46,348.43,43000.0,27.06,697,59.1,17,32,0,0,2,MORTGAGE,debt_consolidation,1
10330,10000,36,27.49,410.89,81800.0,25.22,612,31.4,12,24,0,0,10,MORTGAGE,debt_consolidation,0
10331,10000,36,27.27,409.7,129000.0,15.95,580,36.0,16,28,0,1,5,MORTGAGE,debt_consolidation,0
10332,20000,36,18.24,725.46,77700.0,17.14,704,5.8,15,26,0,0,3,OWN,debt_consolidation,0
10333,5000,36,24.09,196.4,57500.0,29.05,683,38.8,9,22,0,0,7,MORTGAGE,debt_consolidation,0
10334,7500,36,19.98,278.65,66200.0,15.79,713,60.1,20,25,0,0,3,RENT,credit_card,0
10335,5000,36,21.86,190.59,37700.0,18.09,684,43.9,11,21,0,0,10,OWN,small_business,0
10336,5000,36,19.06,183.43,86900.0,29.52,786,48.6,6,22,1,0,3,RENT,major_purchase,0
10337,25000,36,28.5,1040.85,98400.0,42.0,705,72.0,9,25,0,0,10,MORTGAGE,home_improvement,0
10338,20000,36,21.87,762.46,54000.0,18.89,675,51.3,13,27,0,0,7,RENT,debt_consolidation,0
10339,12000,36,19.83,444.92,53600.0,21.54,710,33.0,7,20,0,0,10,RENT,credit_card,0
10340,5000,36,24.34,197.06,74600.0,24.84,676,66.9,10,22,0,0,0,MORTGAGE,home_improvement,0
10341,12000,36,22.36,460.52,54400.0,29.38,699,38.7,15,25,0,0,3,MORTGAGE,debt_consolidation,1
10342,12000,36,28.5,499.61,64200.0,27.39,640,85.6,10,23,0,0,10,MORTGAGE,home_improvement,1
10343,7500,36,22.0,286.43,170200.0,12.05,695,44.0,14,22,1,1,7,MORTGAGE,debt_consolidation,0
10344,12000,36,20.72,450.38,59200.0,19.54,673,25.1,6,12,0,0,2,MORTGAGE,debt_consolidation,0
10345,12000,60,28.5,377.26,56300.0,27.49,644,41.2,20,34,1,0,3,MORTGAGE,debt_consolidation,1
10346,15000,36,19.3,552.12,49400.0,32.45,784,53.1,6,16,0,0,2,RENT,credit_card,0
10347,15000,60,28.5,471.57,92500.0,15.32,646,78.5,13,19,3,0,7,OWN,credit_card,1
10348,5000,36,22.49,192.22,61000.0,19.3,695,40.3,9,17,0,0,3,RENT,debt_consolidation,0
10349,10000,36,24.67,395.86,49400.0,20.43,659,22.5,9,19,2,0,3,OWN,credit_card,0
10350,15000,36,19.82,556.08,119900.0,16.84,708,25.6,14,22,0,0,2,RENT,small_business,0
10351,12000,60,25.04,352.5,125300.0,19.04,638,19.5,9,23,0,0,5,RENT,major_purchase,0
10352,25000,36,17.36,895.8,50500.0,4.1,733,59.8,10,19,0,0,2,MORTGAGE,debt_consolidation,0
10353,15000,60,21.54,410.37,28600.0,42.0,787,41.8,15,32,1,0,10,MORTGAGE,debt_consolidation,1
10354,7500,60,28.15,234.2,104100.0,14.99,657,63.3,15,20,2,0,1,RENT,credit_card,0
10355,5000,36,17.6,179.76,48600.0,15.6,750,70.2,12,25,0,0,10,OWN,debt_consolidation,0
10356,15000,36,19.54,553.94,94400.0,6.03,678,41.0,11,19,0,0,5,MORTGAGE,debt_consolidation,0
10357,5000,36,14.48,172.06,27300.0,5.4,763,73.9,13,26,0,0,3,MORTGAGE,debt_consolidation,0
10358,15000,36,14.96,519.69,98900.0,21.16,793,11.9,12,22,0,0,2,RENT,home_improvement,0
10359,30000,60,26.76,911.76,38400.0,27.54,684,58.2,16,35,0,0,7,MORTGAGE,home_improvement,1
10360,15000,60,27.34,461.08,91900.0,25.05,627,70.7,7,22,0,0,7,MORTGAGE,debt_consolidation,0
10361,12000,36,19.21,441.15,66600.0,10.34,738,43.4,6,15,1,0,5,RENT,debt_consolidation,0
10362,15000,36,22.96,580.33,43100.0,24.32,705,38.0,5,20,0,0,0,RENT,credit_card,0
10363,12000,60,22.09,332.04,55100.0,15.47,718,80.6,17,23,0,0,10,RENT,debt_consolidation,0
10364,15000,36,20.01,557.53,90100.0,13.51,680,29.0,5,13,0,0,10,OWN,debt_consolidation,0
10365,30000,60,24.75,876.15,69400.0,7.4,655,52.2,12,21,0,0,5,RENT,debt_consolidation,0
10366,12000,36,17.21,429.09,86100.0,11.08,747,32.7,15,24,0,0,7,RENT,debt_consolidation,0
10367,35000,36,20.92,1317.19,161000.0,21.41,709,40.5,11,14,0,1,5,MORTGAGE,debt_consolidation,0
10368,30000,36,24.92,1191.53,32700.0,19.43,630,29.7,9,22,0,1,3,MORTGAGE,credit_card,0
10369,7500,36,22.58,288.68,137000.0,17.99,726,84.6,8,22,0,0,0,RENT,credit_card,0
10370,5000,36,19.97,185.74,69400.0,3.95,717,32.7,10,25,2,1,5,MORTGAGE,debt_consolidation,0
10371,7500,36,23.94,294.01,44200.0,18.09,680,32.9,17,24,0,0,10,MORTGAGE,debt_consolidation,1
10372,5000,36,18.83,182.85,36400.0,11.95,768,62.1,12,32,0,0,0,MORTGAGE,debt_consolidation,0
10373,5000,60,23.89,143.52,60800.0,19.5,667,49.4,16,27,0,0,7,MORTGAGE,credit_card,0
10374,15000,60,23.74,429.26,100200.0,29.82,687,38.3,8,16,0,0,10,MORTGAGE,debt_consolidation,0
10375,5000,36,17.46,179.41,62500.0,12.93,730,36.8,19,29,0,1,2,RENT,debt_consolidation,0
10376,10000,36,21.11,377.32,130600.0,17.41,698,52.8,9,23,0,0,2,MORTGAGE,credit_card,0
10377,25000,36,27.09,1021.84,34400.0,41.09,633,35.4,17,25,0,2,10,MORTGAGE,credit_card,1
10378,5000,36,25.15,199.2,65800.0,19.01,703,64.5,8,12,2,0,2,RENT,debt_consolidation,0
10379,20000,36,23.57,780.15,37700.0,16.31,676,62.2,15,25,0,0,2,OWN,debt_consolidation,0
10380,10000,36,16.96,356.33,77900.0,10.44,734,56.9,9,20,0,0,3,MORTGAGE,major_purchase,0
10381,7500,36,26.49,304.14,98600.0,24.66,702,51.6,16,27,2,0,5,RENT,major_purchase,1
10382,15000,36,19.12,550.75,54800.0,9.44,699,43.8,12,28,0,0,10,RENT,debt_consolidation,0
10383,15000,36,27.04,612.7,24000.0,30.47,648,47.2,16,27,0,0,7,RENT,home_improvement,1
10384,25000,36,24.15,982.79,72400.0,22.92,685,46.9,10,16,0,1,5,MORTGAGE,credit_card,1
10385,20000,60,20.71,537.81,80500.0,12.18,739,3.0,9,19,2,0,5,OWN,major_purchase,1
10386,20000,36,23.48,779.21,79400.0,10.64,660,33.4,9,24,0,0,10,RENT,debt_consolidation,0
10387,10000,36,24.5,394.96,115400.0,10.78,694,50.7,11,21,1,0,1,RENT,home_improvement,0
10388,7500,36,23.39,291.85,40900.0,5.46,653,45.4,14,29,0,2,2,MORTGAGE,credit_card,0
10389,20000,36,27.57,822.63,89900.0,20.91,642,85.0,12,21,0,0,10,RENT,debt_consolidation,1
10390,20000,36,18.79,731.0,113200.0,4.3,691,33.5,9,18,0,0,10,RENT,home_improvement,0
10391,35000,36,19.99,1300.55,29700.0,15.77,703,28.9,14,25,0,0,2,MORTGAGE,debt_consolidation,0
10392,12000,60,17.88,303.94,76400.0,15.24,785,44.7,8,19,0,0,1,MORTGAGE,debt_consolidation,0
10393,10000,36,23.02,387.2,52700.0,13.84,675,63.7,18,28,0,0,5,RENT,debt_consolidation,0
10394,20000,36,22.33,767.23,63800.0,20.83,693,45.9,13,26,0,0,0,MORTGAGE,major_purchase,0
10395,10000,60,24.81,292.4,77400.0,12.2,639,20.9,19,38,0,1,7,RENT,debt_consolidation,0
10396,30000,36,19.18,1102.41,53100.0,18.11,723,32.4,12,24,0,0,0,MORTGAGE,credit_card,0
10397,25000,36,23.16,969.83,48800.0,30.47,713,76.5,13,29,0,0,0,MORTGAGE,credit_card,0
10398,12000,36,21.77,456.86,67200.0,22.08,762,56.3,8,26,1,2,5,RENT,debt_consolidation,0
10399,20000,36,17.11,714.15,40600.0,13.2,745,46.5,7,14,0,0,10,MORTGAGE,debt_consolidation,0
10400,20000,60,21.01,541.18,40600.0,16.57,711,44.0,12,22,0,0,5,OWN,credit_card,0
10401,7500,36,23.08,290.64,89800.0,13.85,674,53.4,9,19,0,0,3,RENT,major_purchase,0
10402,30000,36,20.45,1121.8,39500.0,15.12,704,30.8,12,28,0,0,10,RENT,debt_consolidation,0
10403,12000,36,19.55,443.22,89300.0,18.4,690,51.8,9,18,0,0,5,RENT,debt_consolidation,0
10404,25000,36,16.96,890.82,81500.0,7.19,738,14.5,12,22,0,0,3,RENT,debt_consolidation,0
10405,10000,36,17.0,356.53,30400.0,6.2,732,31.3,16,33,0,0,3,MORTGAGE,debt_consolidation,0
10406,25000,36,28.35,1038.82,48800.0,9.94,682,80.8,9,18,3,0,2,RENT,debt_consolidation,1
10407,12000,36,25.98,483.36,113200.0,21.33,629,28.4,8,17,0,0,5,MORTGAGE,debt_consolidation,0
10408,5000,60,17.16,124.69,42600.0,22.81,755,3.2,7,23,0,0,5,MORTGAGE,debt_consolidation,0
10409,30000,36,19.06,1100.59,53700.0,24.52,721,12.3,13,31,0,0,3,RENT,debt_consolidation,0
10410,5000,36,19.63,184.88,81500.0,10.17,681,18.6,9,17,0,0,2,RENT,home_improvement,0
10411,10000,60,20.62,268.4,94100.0,17.36,719,54.4,12,24,0,1,3,MORTGAGE,major_purchase,0
10412,30000,36,22.28,1150.06,59100.0,13.42,698,68.8,9,19,0,0,5,MORTGAGE,debt_consolidation,0
10413,30000,36,15.7,1050.27,50600.0,15.46,754,12.6,8,22,0,0,0,RENT,credit_card,0
10414,15000,36,28.5,624.51,125500.0,13.29,608,75.1,8,17,0,0,1,MORTGAGE,debt_consolidation,1
10415,15000,36,23.22,582.37,144700.0,18.93,677,57.8,13,29,0,0,10,RENT,small_business,0
10416,12000,36,15.3,417.75,102800.0,11.37,767,45.8,10,19,0,2,5,RENT,credit_card,0
10417,10000,60,21.49,273.3,68800.0,28.8,720,23.2,10,29,0,0,0,MORTGAGE,home_improvement,0
10418,10000,36,21.54,379.53,46000.0,28.92,775,58.8,11,25,0,0,7,MORTGAGE,debt_consolidation,0
10419,15000,36,25.47,600.13,45500.0,21.0,640,72.5,14,26,0,1,0,RENT,credit_card,1
10420,20000,60,21.65,548.41,83700.0,27.13,743,76.2,13,30,0,0,10,MORTGAGE,debt_consolidation,1
10421,20000,36,18.48,727.87,79900.0,7.02,741,42.2,10,20,0,0,10,MORTGAGE,debt_consolidation,0
10422,20000,36,28.5,832.68,124300.0,29.63,619,71.3,11,26,0,0,7,MORTGAGE,debt_consolidation,0
10423,5000,36,22.82,193.08,88700.0,19.99,682,30.0,11,24,0,0,10,MORTGAGE,credit_card,0
10424,12000,60,20.96,324.37,33600.0,11.75,690,41.2,7,21,0,0,1,MORTGAGE,credit_card,0
10425,5000,36,22.78,192.98,106200.0,11.11,622,62.4,10,20,0,0,10,RENT,debt_consolidation,0
10426,15000,36,26.68,609.81,42200.0,34.61,683,73.2,15,25,0,0,1,RENT,credit_card,1
10427,12000,36,20.38,448.29,55700.0,24.72,734,35.3,9,19,0,0,3,RENT,debt_consolidation,0
10428,25000,36,22.74,964.36,74100.0,15.24,677,24.5,7,20,0,0,10,RENT,debt_consolidation,0
10429,10000,36,19.5,369.09,162400.0,6.98,706,64.2,14,26,0,0,5,MORTGAGE,credit_card,0
10430,7500,36,26.07,302.46,260000.0,30.38,706,67.0,6,16,0,0,10,MORTGAGE,debt_consolidation,0
10431,7500,60,20.91,202.52,86900.0,8.68,694,62.4,12,28,0,0,1,RENT,debt_consolidation,0
10432,20000,36,20.93,752.78,60900.0,13.55,663,15.1,13,29,0,0,5,RENT,debt_consolidation,0
10433,15000,36,20.91,564.43,84200.0,15.23,725,89.9,10,20,0,0,0,RENT,credit_card,0
10434,7500,60,26.68,227.58,98700.0,11.01,624,54.2,19,31,0,0,7,RENT,debt_consolidation,0
10435,5000,60,20.63,134.23,57300.0,14.87,695,58.3,11,22,0,0,0,RENT,major_purchase,0
10436,20000,36,20.06,743.88,148400.0,16.44,757,75.2,8,19,0,0,2,MORTGAGE,debt_consolidation,0
10437,5000,36,23.05,193.68,73400.0,14.71,675,76.3,12,23,0,0,2,RENT,credit_card,0
10438,25000,36,25.63,1002.34,82800.0,19.41,662,79.9,20,33,0,0,10,RENT,debt_consolidation,0
10439,20000,60,21.42,545.8,89300.0,35.24,728,32.9,12,28,1,0,2,OWN,debt_consolidation,0
10440,5000,60,22.51,139.55,80000.0,7.19,702,82.2,9,25,0,0,10,RENT,credit_card,0
10441,5000,36,20.21,186.35,96500.0,17.9,729,58.9,14,24,0,1,1,RENT,debt_consolidation,0
10442,35000,60,20.66,940.19,50100.0,8.74,697,40.0,10,20,0,0,0,RENT,debt_consolidation,0
10443,10000,36,27.62,411.59,51500.0,6.77,588,42.0,10,14,1,0,5,RENT,debt_consolidation,0
10444,10000,36,22.76,385.85,40300.0,26.11,748,61.9,7,23,1,0,10,OWN,debt_consolidation,0
10445,20000,36,16.35,706.6,80600.0,18.68,788,47.7,11,22,0,1,1,RENT,debt_consolidation,0
10446,30000,60,19.85,792.31,94000.0,6.5,753,63.4,10,21,1,0,1,RENT,credit_card,0
10447,35000,36,28.5,1457.2,81300.0,14.87,580,54.9,15,28,0,0,10,MORTGAGE,home_improvement,0
10448,20000,60,19.17,520.68,140600.0,9.96,715,36.8,10,24,0,1,3,RENT,debt_consolidation,0
10449,10000,60,21.41,272.85,66000.0,3.89,674,76.9,10,21,0,0,7,RENT,debt_consolidation,0
10450,5000,36,25.83,201.0,89400.0,15.14,646,86.9,14,27,0,0,2,RENT,debt_consolidation,0
10451,20000,36,21.34,757.0,40500.0,23.22,701,46.8,8,19,0,0,5,MORTGAGE,debt_consolidation,0
10452,15000,36,25.28,598.62,55600.0,22.05,688,60.8,9,23,0,0,2,RENT,home_improvement,0
10453,12000,36,21.47,455.0,90500.0,13.34,718,62.2,14,26,0,0,5,MORTGAGE,credit_card,0
10454,30000,36,24.02,1177.3,97000.0,26.72,698,67.0,11,20,0,0,10,RENT,debt_consolidation,0
10455,7500,36,28.5,312.26,58000.0,31.66,645,95.5,8,27,1,0,10,MORTGAGE,debt_consolidation,1
10456,12000,60,23.93,344.73,64100.0,23.41,669,60.1,11,21,0,0,5,RENT,home_improvement,0
10457,5000,36,21.49,189.64,33400.0,12.16,662,14.7,14,30,0,0,10,MORTGAGE,debt_consolidation,0
10458,12000,36,28.5,499.61,56300.0,15.4,618,77.7,16,28,0,0,2,MORTGAGE,debt_consolidation,0
10459,5000,36,27.03,204.21,98800.0,34.69,633,25.9,14,26,0,0,2,RENT,credit_card,0
10460,7500,36,23.43,292.01,85700.0,13.88,686,51.3,14,18,0,0,7,MORTGAGE,credit_card,0
10461,7500,36,18.77,274.05,82900.0,22.08,759,43.4,11,22,0,0,7,RENT,debt_consolidation,0
10462,15000,36,23.88,587.55,67700.0,10.93,671,36.5,6,22,1,0,0,OWN,small_business,1
10463,20000,60,25.64,594.55,66400.0,26.82,661,37.0,4,17,1,0,7,OWN,debt_consolidation,0
10464,15000,36,24.01,588.57,49200.0,10.24,642,54.7,14,30,0,0,3,MORTGAGE,credit_card,0
10465,35000,60,22.36,973.84,90600.0,15.76,696,85.0,9,14,0,0,10,RENT,debt_consolidation,0
10466,10000,60,20.74,269.07,80000.0,21.69,748,70.0,12,21,0,0,10,MORTGAGE,credit_card,0
10467,10000,36,17.99,361.47,82600.0,38.21,785,23.1,11,25,0,0,5,OWN,small_business,1
10468,25000,60,21.49,683.24,52200.0,18.51,708,45.2,13,27,0,1,0,RENT,debt_consolidation,0
10469,10000,36,19.86,370.92,25100.0,14.34,701,49.0,10,18,0,0,7,MORTGAGE,credit_card,0
10470,35000,60,23.35,993.72,108400.0,13.77,671,20.0,14,28,1,0,10,MORTGAGE,home_improvement,1
10471,5000,36,23.61,195.14,53300.0,26.24,678,33.1,8,21,0,0,2,MORTGAGE,debt_consolidation,0
10472,35000,60,22.85,983.65,44900.0,20.81,723,88.9,8,20,0,1,5,RENT,credit_card,1
10473,5000,60,26.02,149.76,90400.0,22.99,681,89.2,12,23,0,0,10,MORTGAGE,small_business,1
10474,25000,60,24.14,721.23,55500.0,33.48,688,43.7,16,23,0,0,3,RENT,credit_card,1
10475,12000,60,28.5,377.26,106600.0,17.02,694,43.8,8,15,2,0,2,RENT,debt_consolidation,0
10476,35000,36,24.75,1386.97,87300.0,20.08,668,55.1,8,25,0,0,2,OWN,debt_consolidation,0
10477,5000,36,21.44,189.51,90000.0,13.67,692,45.6,13,20,0,1,5,OWN,debt_consolidation,0
10478,15000,36,26.93,611.82,35800.0,10.7,604,43.5,13,20,0,0,10,MORTGAGE,debt_consolidation,0
10479,35000,36,18.97,1282.43,114200.0,11.87,720,50.4,13,28,0,0,7,RENT,debt_consolidation,0
10480,12000,36,12.32,400.41,74400.0,3.28,801,41.0,7,20,0,0,3,RENT,debt_consolidation,0
10481,15000,36,24.26,590.54,56000.0,21.58,670,35.3,10,20,0,0,7,OWN,debt_consolidation,0
10482,15000,60,22.97,422.6,70600.0,20.47,712,61.0,8,20,0,1,7,MORTGAGE,debt_consolidation,0
10483,12000,36,20.51,449.09,29800.0,21.35,733,27.1,12,22,0,0,7,MORTGAGE,debt_consolidation,0
10484,15000,60,13.92,348.4,79500.0,10.3,753,15.4,8,14,0,0,1,MORTGAGE,credit_card,0
10485,15000,36,22.59,577.45,41600.0,11.99,683,68.4,9,22,0,0,7,MORTGAGE,credit_card,0
10486,30000,60,26.71,910.87,36000.0,11.77,614,57.8,13,34,0,0,5,MORTGAGE,debt_consolidation,0
10487,5000,60,22.13,138.46,33400.0,28.12,707,19.4,14,24,0,0,0,RENT,debt_consolidation,1
10488,10000,36,23.03,387.25,109200.0,18.16,701,64.6,8,20,0,0,5,RENT,debt_consolidation,1
10489,30000,36,24.62,1186.77,49900.0,16.93,679,76.9,14,26,1,0,10,RENT,debt_consolidation,0
10490,25000,60,21.86,688.48,131900.0,24.05,689,9.4,11,25,0,0,3,RENT,debt_consolidation,0
10491,12000,36,21.0,452.1,52000.0,11.79,701,48.2,14,22,0,0,10,MORTGAGE,credit_card,0
10492,15000,36,20.64,562.36,30700.0,19.83,711,28.9,11,20,0,1,1,RENT,debt_consolidation,0
10493,10000,36,23.38,389.08,40000.0,40.67,709,52.8,8,22,0,0,10,OWN,major_purchase,0
10494,7500,36,24.26,295.27,115400.0,30.31,685,68.6,14,25,0,0,1,RENT,debt_consolidation,0
10495,12000,36,24.92,476.61,61700.0,19.68,712,50.2,12,24,1,0,3,RENT,debt_consolidation,0
10496,10000,36,24.3,393.91,51700.0,17.26,682,29.0,14,29,1,0,7,MORTGAGE,home_improvement,0
10497,15000,36,21.89,572.0,71100.0,21.26,724,74.4,13,25,0,0,7,RENT,credit_card,0
10498,5000,36,26.17,201.91,82900.0,32.38,667,57.7,11,24,0,0,10,MORTGAGE,credit_card,1
10499,35000,60,28.5,1100.34,109400.0,31.25,698,35.9,11,20,2,0,7,MORTGAGE,major_purchase,1
10500,35000,36,28.5,1457.2,127000.0,35.06,622,59.6,9,23,0,1,7,MORTGAGE,debt_consolidation,1
10501,15000,60,25.67,446.18,56300.0,18.68,678,73.7,8,18,1,0,10,RENT,home_improvement,0
10502,15000,36,15.76,525.58,36400.0,4.28,721,16.7,17,32,0,0,5,MORTGAGE,debt_consolidation,0
10503,10000,36,28.5,416.34,54900.0,39.24,648,75.8,10,28,0,0,2,RENT,home_improvement,1
10504,20000,36,19.95,742.76,74400.0,10.68,681,54.6,7,19,0,0,2,MORTGAGE,debt_consolidation,0
10505,15000,36,24.76,594.5,42900.0,4.66,587,3.2,9,22,0,0,5,RENT,debt_consolidation,0
10506,7500,36,27.24,307.16,43000.0,23.86,633,32.5,2,17,0,0,7,RENT,credit_card,1
10507,30000,36,25.29,1197.4,77200.0,4.34,645,66.2,11,25,0,0,0,MORTGAGE,debt_consolidation,0
10508,25000,36,21.57,949.21,64700.0,16.75,700,68.1,12,19,0,0,1,MORTGAGE,debt_consolidation,1
10509,30000,36,22.1,1147.27,67200.0,4.29,710,76.2,17,32,3,0,1,RENT,debt_consolidation,0
10510,20000,36,21.45,758.13,47000.0,13.89,692,39.5,7,20,0,0,7,MORTGAGE,credit_card,0
10511,15000,36,28.5,624.51,59700.0,35.1,678,84.1,6,16,0,0,2,RENT,small_business,0
10512,12000,36,23.14,465.39,43700.0,19.81,678,85.4,11,21,0,1,2,RENT,credit_card,1
10513,30000,60,20.48,802.85,98800.0,16.66,727,71.0,7,15,0,0,7,MORTGAGE,home_improvement,0
10514,25000,36,23.52,974.53,105400.0,20.92,705,75.1,6,19,0,0,10,MORTGAGE,debt_consolidation,0
10515,5000,36,18.06,180.91,28800.0,2.45,680,20.0,10,24,0,0,3,MORTGAGE,debt_consolidation,0
10516,5000,60,16.7,123.46,43600.0,11.65,753,74.2,10,24,0,0,7,MORTGAGE,debt_consolidation,0
10517,10000,36,15.0,346.65,33700.0,12.64,783,49.5,8,17,0,0,1,MORTGAGE,credit_card,0
10518,20000,36,25.44,799.86,49400.0,22.58,639,51.5,5,14,0,0,10,MORTGAGE,debt_consolidation,1
10519,35000,60,17.19,873.42,63700.0,9.38,719,53.8,12,29,0,2,3,MORTGAGE,debt_consolidation,1
10520,7500,36,13.4,254.15,34500.0,18.27,834,18.2,10,21,0,0,10,MORTGAGE,debt_consolidation,0
10521,15000,36,23.3,582.99,43700.0,15.83,708,30.8,9,21,1,0,10,OWN,credit_card,0
10522,12000,36,23.9,470.16,42100.0,12.0,700,81.2,10,26,1,0,10,RENT,debt_consolidation,1
10523,35000,36,23.55,1364.89,72600.0,12.43,692,16.6,7,21,2,0,0,RENT,home_improvement,0
10524,25000,36,21.22,944.7,68300.0,15.75,717,73.1,9,17,1,0,5,MORTGAGE,credit_card,0
10525,25000,36,18.63,911.73,47800.0,5.13,729,65.4,11,25,0,0,1,MORTGAGE,credit_card,0
10526,12000,36,24.78,475.72,71700.0,24.21,639,33.7,4,18,0,0,10,RENT,major_purchase,1
10527,12000,36,22.09,458.84,51700.0,10.64,694,62.8,11,19,0,0,10,RENT,debt_consolidation,0
10528,10000,60,23.64,285.59,58600.0,14.36,593,36.1,12,25,0,0,10,MORTGAGE,credit_card,0
10529,5000,60,25.36,147.81,140500.0,34.46,686,34.3,17,29,1,0,7,MORTGAGE,home_improvement,0
10530,25000,36,27.79,1031.26,121000.0,24.42,654,52.3,9,22,1,0,5,RENT,credit_card,1
10531,20000,36,19.71,740.32,36900.0,8.44,710,45.1,5,12,0,0,5,RENT,home_improvement,1
10532,35000,36,25.04,1392.33,96100.0,2.13,620,49.6,13,25,0,0,3,MORTGAGE,debt_consolidation,0
10533,35000,36,23.84,1370.21,95300.0,21.37,672,63.4,13,30,0,0,5,RENT,credit_card,0
10534,15000,36,15.69,525.06,39500.0,14.66,738,53.2,15,29,0,0,7,RENT,debt_consolidation,0
10535,20000,36,24.94,794.56,95600.0,18.33,665,45.5,10,29,0,0,10,OWN,major_purchase,0
10536,30000,60,28.5,943.14,132200.0,24.02,609,47.5,11,30,0,0,7,RENT,home_improvement,0
10537,25000,36,27.03,1021.03,39900.0,25.91,707,13.7,11,24,3,0,10,MORTGAGE,home_improvement,1
10538,10000,36,23.87,391.65,43800.0,13.18,669,68.9,12,22,0,0,10,RENT,credit_card,0
10539,12000,36,24.84,476.1,104600.0,15.62,687,64.4,15,21,1,0,5,RENT,debt_consolidation,0
10540,7500,36,27.81,309.46,74800.0,20.13,662,64.4,11,21,0,2,3,RENT,debt_consolidation,0
10541,30000,60,15.68,724.45,84800.0,20.79,784,36.4,11,18,1,0,7,RENT,home_improvement,0
10542,15000,60,27.01,458.12,77100.0,18.24,625,54.8,10,26,0,0,5,OWN,debt_consolidation,0
10543,10000,60,21.07,270.93,78900.0,32.58,823,82.1,16,26,1,0,1,MORTGAGE,debt_consolidation,0
10544,15000,36,23.84,587.23,36400.0,20.68,677,52.0,10,24,0,0,3,MORTGAGE,credit_card,0
10545,15000,36,25.92,603.72,106000.0,23.84,703,58.9,14,27,2,0,10,RENT,debt_consolidation,1
10546,10000,36,22.8,386.06,112000.0,19.03,669,67.4,13,22,0,0,0,MORTGAGE,credit_card,0
10547,7500,36,24.98,298.12,59700.0,9.35,667,66.8,11,27,0,0,7,MORTGAGE,debt_consolidation,0
10548,15000,36,24.36,591.33,64900.0,11.63,660,48.7,11,23,0,0,10,MORTGAGE,credit_card,1
10549,12000,60,23.0,338.29,33200.0,8.23,722,70.9,6,14,1,0,7,RENT,home_improvement,0
10550,20000,36,27.65,823.49,83400.0,27.35,632,59.9,8,20,0,0,5,MORTGAGE,debt_consolidation,1
10551,12000,36,21.69,456.36,85600.0,6.48,711,75.3,7,19,1,0,7,RENT,debt_consolidation,0
10552,25000,36,28.22,1037.06,64300.0,15.28,597,65.2,19,30,0,0,5,MORTGAGE,debt_consolidation,1
10553,15000,36,21.27,567.21,109700.0,13.56,707,22.3,12,23,0,0,1,MORTGAGE,major_purchase,0
10554,15000,36,22.75,578.69,56900.0,13.37,733,70.7,12,22,2,1,10,MORTGAGE,debt_consolidation,0
10555,25000,60,27.31,768.02,85300.0,14.0,638,64.3,6,14,0,0,5,MORTGAGE,debt_consolidation,0
10556,12000,60,22.42,334.3,41800.0,35.6,726,16.3,14,21,1,0,7,RENT,credit_card,0
10557,7500,60,17.87,189.92,65500.0,4.9,697,29.6,4,15,0,0,5,RENT,debt_consolidation,0
10558,5000,36,15.79,175.27,61200.0,30.57,767,24.3,13,25,0,0,0,RENT,major_purchase,0
10559,20000,36,24.6,790.97,73200.0,14.64,657,52.7,10,22,0,0,10,MORTGAGE,small_business,1
10560,15000,36,15.8,525.88,56000.0,25.07,822,38.7,13,23,0,0,10,RENT,debt_consolidation,0
10561,20000,36,26.09,806.77,62400.0,17.2,587,32.2,8,20,0,0,1,MORTGAGE,credit_card,1
10562,10000,60,22.53,279.21,96000.0,8.73,680,34.9,12,31,0,0,10,MORTGAGE,debt_consolidation,1
10563,7500,36,27.95,310.02,54400.0,32.02,619,68.8,12,23,0,0,10,RENT,credit_card,1
10564,5000,36,18.6,182.27,32100.0,29.59,778,29.9,14,27,0,0,5,RENT,credit_card,0
10565,10000,36,21.53,379.48,145400.0,9.11,683,34.7,7,17,0,0,7,MORTGAGE,debt_consolidation,0
10566,15000,36,25.21,598.06,123200.0,22.18,687,66.4,13,30,0,1,1,MORTGAGE,debt_consolidation,0
10567,12000,60,18.54,308.26,37000.0,11.92,715,70.3,14,25,0,0,5,OWN,small_business,1
10568,12000,36,24.16,471.8,90300.0,6.65,695,71.7,13,30,1,0,0,MORTGAGE,debt_consolidation,0
10569,30000,36,24.04,1177.62,52800.0,10.66,668,83.8,11,20,0,0,5,OWN,credit_card,0
10570,10000,36,25.44,399.93,74500.0,31.09,638,19.2,10,22,0,0,5,OWN,debt_consolidation,1
10571,12000,36,24.05,471.11,75500.0,25.37,703,58.6,11,26,0,0,10,RENT,debt_consolidation,0
10572,20000,60,19.67,526.21,59500.0,14.09,712,12.5,10,21,0,0,10,MORTGAGE,home_improvement,0
10573,12000,60,19.78,316.46,46500.0,31.17,726,51.1,10,22,0,0,2,RENT,debt_consolidation,0
10574,15000,60,18.21,382.62,48500.0,28.48,781,76.9,10,19,0,0,10,MORTGAGE,credit_card,0
10575,25000,60,28.42,784.74,43800.0,10.67,597,24.1,10,22,1,0,7,MORTGAGE,debt_consolidation,0
10576,30000,36,26.47,1216.24,45500.0,34.9,692,73.7,6,17,0,0,7,RENT,debt_consolidation,1
10577,7500,36,20.08,279.03,64200.0,13.49,749,85.6,11,23,0,0,2,MORTGAGE,small_business,1
10578,30000,36,19.37,1105.3,47900.0,14.5,689,24.4,11,20,0,0,10,MORTGAGE,credit_card,1
10579,12000,36,27.1,490.55,89900.0,4.98,590,54.6,15,28,0,0,10,RENT,small_business,0
10580,10000,60,26.17,300.41,129200.0,11.8,637,53.2,11,31,0,0,10,RENT,small_business,1
10581,12000,36,25.58,480.81,51000.0,15.34,710,91.9,12,20,0,0,10,MORTGAGE,major_purchase,1
10582,35000,60,20.64,939.79,73700.0,19.3,708,43.1,11,23,0,0,3,MORTGAGE,small_business,0
10583,12000,36,18.11,434.49,82900.0,8.75,725,14.8,7,20,0,0,10,MORTGAGE,debt_consolidation,0
10584,10000,36,26.13,403.6,81800.0,10.94,660,67.2,15,30,0,0,5,MORTGAGE,major_purchase,0
10585,15000,36,23.63,585.58,68500.0,35.28,707,80.0,11,19,0,0,2,RENT,debt_consolidation,1
10586,10000,60,28.5,314.38,92400.0,27.55,652,83.9,15,28,0,0,7,RENT,debt_consolidation,0
10587,5000,36,22.54,192.35,82200.0,30.07,707,34.2,13,19,0,0,7,RENT,debt_consolidation,0
10588,7500,36,21.21,283.37,37900.0,16.02,697,40.8,8,23,0,1,3,MORTGAGE,debt_consolidation,0
10589,7500,36,24.96,298.04,97800.0,19.59,658,73.1,15,31,0,0,0,MORTGAGE,credit_card,0
10590,7500,36,16.92,267.1,98600.0,22.43,765,27.9,13,20,0,0,2,MORTGAGE,debt_consolidation,0
10591,7500,36,28.5,312.26,46900.0,35.03,618,57.3,17,24,0,1,5,MORTGAGE,debt_consolidation,1
10592,15000,60,19.13,390.18,67300.0,6.57,689,42.6,16,27,0,0,2,MORTGAGE,debt_consolidation,0
10593,7500,36,23.13,290.83,90000.0,12.45,657,32.8,6,11,0,0,2,MORTGAGE,debt_consolidation,0
10594,10000,36,18.32,363.13,60200.0,18.69,778,47.3,11,26,0,0,5,MORTGAGE,credit_card,0
10595,25000,36,17.68,899.8,107200.0,17.25,722,23.3,12,19,0,0,10,RENT,debt_consolidation,0
10596,12000,36,23.43,467.21,191700.0,10.86,666,81.9,13,28,0,0,10,RENT,debt_consolidation,0
10597,15000,36,23.37,583.54,46500.0,21.47,682,45.3,6,23,0,0,3,RENT,debt_consolidation,0
10598,7500,36,14.5,258.16,35500.0,12.72,779,43.3,12,27,0,0,10,MORTGAGE,debt_consolidation,0
10599,7500,36,23.16,290.95,75900.0,16.61,652,19.9,9,19,0,0,7,OWN,credit_card,0
10600,5000,36,26.78,203.54,91600.0,20.99,616,48.3,6,17,0,1,5,OWN,debt_consolidation,1
10601,7500,60,17.15,187.0,59600.0,13.04,708,22.8,21,34,0,0,5,MORTGAGE,debt_consolidation,1
10602,10000,60,21.18,271.55,127300.0,24.33,709,20.0,14,31,0,0,5,RENT,debt_consolidation,0
10603,7500,36,19.92,278.42,36200.0,26.54,725,32.3,9,19,0,0,2,RENT,debt_consolidation,0
10604,5000,36,18.52,182.07,90400.0,11.09,725,12.6,9,23,0,0,3,RENT,major_purchase,0
10605,7500,36,14.79,259.22,50400.0,12.67,775,22.4,12,28,0,0,5,MORTGAGE,debt_consolidation,0
10606,12000,60,26.19,360.64,143400.0,9.5,618,53.9,14,27,1,0,5,MORTGAGE,home_improvement,1
10607,10000,36,24.58,395.38,162200.0,16.42,641,42.3,15,25,0,0,10,RENT,credit_card,0
10608,10000,36,20.81,375.78,46900.0,19.29,725,28.6,6,20,0,0,3,MORTGAGE,debt_consolidation,0
10609,12000,36,26.92,489.39,51700.0,13.72,645,57.0,14,24,0,2,7,OWN,major_purchase,0
10610,15000,36,27.49,616.33,97400.0,19.02,629,63.3,6,15,0,0,7,RENT,credit_card,0
10611,5000,36,16.13,176.11,55600.0,12.49,779,64.1,11,23,0,0,10,MORTGAGE,credit_card,0
10612,20000,60,28.5,628.76,64800.0,12.71,622,76.3,9,19,3,0,3,RENT,debt_consolidation,1
10613,15000,36,24.03,588.73,66900.0,19.8,679,38.4,9,23,1,0,10,RENT,credit_card,0
10614,5000,36,21.42,189.46,27900.0,13.16,692,52.9,9,20,0,0,10,MORTGAGE,debt_consolidation,0
10615,25000,36,18.09,904.94,65800.0,15.96,754,54.8,17,27,0,0,7,MORTGAGE,debt_consolidation,0
10616,30000,60,25.49,889.18,48500.0,20.15,611,35.8,7,20,0,0,7,OWN,home_improvement,0
10617,5000,36,23.18,194.02,53000.0,18.88,714,70.3,12,29,0,0,1,RENT,small_business,0
10618,10000,60,26.09,299.94,126700.0,12.59,655,79.4,12,21,0,0,10,MORTGAGE,debt_consolidation,0
10619,20000,36,20.17,745.01,37600.0,27.88,723,16.9,11,20,0,0,1,MORTGAGE,home_improvement,0
10620,20000,36,24.93,794.46,95400.0,6.35,654,64.1,10,23,0,1,5,RENT,credit_card,0
10621,7500,36,17.63,269.75,58400.0,2.0,766,81.7,10,21,0,0,3,RENT,debt_consolidation,0
10622,10000,36,22.88,386.47,58300.0,21.93,654,33.4,9,21,0,0,5,MORTGAGE,debt_consolidation,0
10623,10000,36,28.5,416.34,94400.0,18.69,584,57.7,15,29,2,1,7,RENT,debt_consolidation,1
10624,12000,60,24.88,351.37,77100.0,8.78,660,57.7,8,19,0,0,10,MORTGAGE,credit_card,1
10625,15000,36,26.28,606.6,85500.0,17.47,683,41.4,10,30,3,0,5,MORTGAGE,home_improvement,0
10626,10000,36,17.49,358.97,102300.0,11.67,744,54.3,9,21,0,0,10,RENT,debt_consolidation,0
10627,12000,36,27.29,491.77,57000.0,21.13,638,60.6,10,23,0,0,7,MORTGAGE,credit_card,0
10628,20000,60,24.46,580.71,50200.0,2.1,639,86.5,9,22,0,0,2,RENT,credit_card,1
10629,5000,60,19.93,132.27,40600.0,14.39,738,57.6,12,21,0,0,2,MORTGAGE,home_improvement,1
10630,10000,36,26.77,407.02,45600.0,12.28,633,89.0,7,20,0,0,7,RENT,debt_consolidation,1
10631,20000,60,24.91,585.97,249500.0,24.37,687,38.7,14,26,2,0,0,MORTGAGE,debt_consolidation,0
10632,25000,36,24.31,984.9,115900.0,5.1,688,53.1,12,23,3,0,5,MORTGAGE,home_improvement,0
10633,12000,36,19.46,442.67,36000.0,16.9,705,55.0,9,23,0,0,1,RENT,debt_consolidation,1
10634,15000,60,24.08,432.22,36500.0,21.79,661,65.9,14,32,0,0,5,RENT,debt_consolidation,1
10635,7500,60,27.63,231.85,82200.0,38.23,653,36.5,14,23,0,0,10,RENT,home_improvement,1
10636,12000,36,23.44,467.27,84600.0,12.69,710,83.7,15,22,0,0,5,RENT,debt_consolidation,1
10637,15000,36,24.24,590.38,84700.0,19.46,655,57.0,14,26,0,0,2,RENT,home_improvement,0
10638,10000,36,21.55,379.58,59000.0,5.33,634,38.9,12,20,0,0,2,RENT,debt_consolidation,0
10639,10000,60,18.67,257.59,62500.0,16.45,750,26.8,9,23,0,0,3,RENT,debt_consolidation,0
10640,10000,36,22.62,385.12,76700.0,28.88,717,28.2,12,19,0,0,0,RENT,debt_consolidation,0
10641,5000,36,19.84,185.41,68800.0,38.41,775,24.3,9,22,0,0,7,RENT,debt_consolidation,0
10642,10000,36,17.26,357.82,24400.0,20.39,730,24.9,11,25,0,0,7,OWN,debt_consolidation,0
10643,10000,36,25.4,399.72,59700.0,6.33,638,72.2,12,26,0,0,0,MORTGAGE,credit_card,1
10644,10000,36,27.2,409.33,45100.0,31.15,699,16.1,18,35,3,1,5,RENT,debt_consolidation,1
10645,7500,60,24.39,217.46,71600.0,6.36,649,55.9,11,14,0,1,5,MORTGAGE,major_purchase,0
10646,25000,36,25.58,1001.68,253600.0,8.28,621,28.4,13,23,1,1,3,MORTGAGE,debt_consolidation,0
10647,15000,36,26.01,604.44,78100.0,32.46,675,50.9,7,20,1,1,5,MORTGAGE,debt_consolidation,0
10648,15000,36,21.45,568.6,57500.0,15.84,739,47.9,8,22,2,0,3,RENT,debt_consolidation,0
10649,20000,60,21.01,541.18,100200.0,11.92,707,34.6,6,13,0,0,5,RENT,credit_card,0
10650,12000,36,26.88,489.13,82200.0,23.28,632,47.0,12,20,0,0,10,RENT,debt_consolidation,1
10651,5000,36,23.44,194.7,79900.0,17.96,673,54.0,8,21,1,0,2,MORTGAGE,debt_consolidation,0
10652,15000,60,26.02,449.28,86900.0,27.61,689,53.4,8,22,0,0,7,MORTGAGE,small_business,1
10653,15000,60,28.5,471.57,166900.0,18.38,619,65.7,10,18,0,0,5,OWN,debt_consolidation,0
10654,20000,60,25.45,592.31,39800.0,18.6,727,25.7,13,26,3,0,3,MORTGAGE,debt_consolidation,0
10655,12000,60,25.55,356.1,81900.0,27.13,685,54.3,7,26,0,0,10,MORTGAGE,debt_consolidation,0
10656,7500,36,27.89,309.78,43600.0,15.72,632,61.3,13,23,2,0,5,MORTGAGE,credit_card,0
10657,10000,60,25.66,297.4,85000.0,9.97,630,61.3,7,17,0,0,5,RENT,debt_consolidation,1
10658,10000,36,20.99,376.7,43800.0,23.95,745,27.4,11,23,1,0,7,MORTGAGE,home_improvement,0
10659,15000,60,21.81,412.66,54800.0,14.11,678,69.7,8,22,0,0,10,MORTGAGE,credit_card,1
10660,15000,60,16.59,369.49,57900.0,19.14,749,31.4,10,28,0,0,10,RENT,credit_card,0
10661,10000,60,17.11,249.12,102700.0,4.59,766,59.7,8,19,0,0,7,MORTGAGE,debt_consolidation,0
10662,35000,36,21.4,1325.83,100000.0,15.39,741,51.2,9,26,1,0,10,RENT,major_purchase,0
10663,15000,36,27.07,612.94,37800.0,12.39,671,52.6,11,26,1,0,0,MORTGAGE,debt_consolidation,1
10664,10000,36,27.32,409.97,67800.0,4.49,583,38.8,13,25,1,0,5,MORTGAGE,credit_card,0
10665,7500,60,20.08,199.04,48100.0,15.64,709,75.8,7,19,0,0,2,RENT,debt_consolidation,0
10666,7500,60,14.42,176.15,37600.0,15.92,789,21.0,7,15,0,0,1,RENT,credit_card,0
10667,10000,36,24.34,394.12,60000.0,19.84,693,68.6,4,14,0,0,5,RENT,debt_consolidation,0
10668,7500,36,28.3,311.44,57600.0,28.64,605,14.8,9,20,1,1,10,RENT,debt_consolidation,1
10669,7500,36,26.04,302.34,197200.0,26.39,665,67.2,10,22,0,0,5,MORTGAGE,home_improvement,0
10670,10000,60,21.32,272.34,80400.0,12.86,687,57.7,9,15,0,0,7,MORTGAGE,debt_consolidation,0
10671,7500,60,25.72,223.31,35600.0,18.15,646,36.5,12,18,0,0,5,MORTGAGE,debt_consolidation,1
10672,25000,36,28.5,1040.85,51300.0,21.28,580,11.7,8,16,1,0,5,RENT,credit_card,1
10673,5000,36,20.65,187.48,104800.0,13.06,691,22.8,10,21,1,0,3,RENT,credit_card,0
10674,12000,60,20.77,323.09,169400.0,6.73,660,29.8,14,20,0,0,3,OWN,debt_consolidation,0
10675,12000,60,17.66,302.51,32400.0,14.77,775,85.1,13,23,0,0,3,MORTGAGE,debt_consolidation,1
10676,35000,36,21.09,1320.25,28400.0,29.23,700,48.8,11,25,0,0,7,RENT,major_purchase,1
10677,7500,36,17.69,269.98,153600.0,6.53,716,41.6,11,30,0,0,1,RENT,credit_card,0
10678,12000,36,20.37,448.23,78900.0,9.39,690,79.8,14,28,0,0,1,RENT,debt_consolidation,0
10679,35000,36,24.12,1375.36,44800.0,10.57,699,67.1,12,21,1,0,7,RENT,home_improvement,0
10680,25000,36,25.46,1000.09,84200.0,9.45,621,31.8,13,29,0,0,5,RENT,debt_consolidation,0
10681,20000,36,24.22,786.97,24000.0,23.33,648,29.2,15,28,0,0,5,MORTGAGE,debt_consolidation,1
10682,10000,60,17.89,253.34,66300.0,11.64,744,40.7,10,24,0,0,1,MORTGAGE,debt_consolidation,0
10683,7500,36,24.12,294.72,76700.0,23.64,704,60.6,10,26,0,0,5,MORTGAGE,debt_consolidation,1
10684,15000,60,23.7,428.91,100300.0,16.89,677,16.9,17,25,1,0,10,MORTGAGE,home_improvement,0
10685,30000,36,22.52,1153.8,41900.0,5.57,717,75.9,10,19,0,0,10,MORTGAGE,debt_consolidation,0
10686,15000,36,20.66,562.51,68800.0,13.22,718,59.0,11,20,0,0,7,MORTGAGE,debt_consolidation,0
10687,15000,36,19.61,554.48,43600.0,26.77,785,49.1,17,32,0,0,0,MORTGAGE,small_business,0
10688,10000,36,20.76,375.52,74200.0,17.87,702,31.8,8,17,0,0,7,RENT,debt_consolidation,0
10689,20000,60,24.17,577.33,44200.0,13.77,647,51.4,14,26,0,1,2,OWN,credit_card,1
10690,7500,60,24.36,217.33,55100.0,29.41,690,40.6,16,28,0,0,3,RENT,debt_consolidation,0
10691,10000,36,18.97,366.41,42300.0,8.85,722,35.9,18,28,0,0,2,MORTGAGE,credit_card,0
10692,12000,36,15.97,421.71,88700.0,11.88,740,16.3,13,25,0,0,10,MORTGAGE,debt_consolidation,0
10693,12000,60,28.0,373.63,97400.0,25.54,622,79.6,14,25,0,0,7,MORTGAGE,debt_consolidation,1
10694,10000,36,22.91,386.63,59500.0,23.1,706,64.3,4,17,0,0,7,OWN,credit_card,0
10695,7500,36,20.92,282.26,67300.0,8.42,655,54.5,11,21,0,0,7,RENT,credit_card,0
10696,15000,60,24.69,437.55,34500.0,20.92,670,72.5,14,27,0,0,2,MORTGAGE,credit_card,0
10697,10000,36,17.66,359.82,57800.0,11.54,733,51.8,10,19,0,0,5,RENT,credit_card,0
10698,15000,36,16.95,534.42,64700.0,4.34,729,44.7,12,18,0,0,7,MORTGAGE,debt_consolidation,0
10699,7500,36,20.67,281.29,215200.0,13.91,664,17.2,9,23,0,0,7,OWN,debt_consolidation,0
10700,12000,60,25.82,358.01,40100.0,39.63,688,34.6,12,23,0,0,10,MORTGAGE,credit_card,1
10701,15000,36,25.87,603.32,127900.0,27.0,671,60.9,8,23,0,0,3,MORTGAGE,credit_card,0
10702,5000,36,14.88,173.03,103600.0,16.1,825,68.1,11,29,0,0,10,RENT,credit_card,0
10703,10000,60,17.74,252.52,75100.0,6.28,708,24.8,10,27,0,0,5,OWN,credit_card,0
10704,7500,36,25.8,301.38,146000.0,4.44,657,96.2,14,28,0,0,7,RENT,debt_consolidation,0
10705,5000,60,21.01,135.29,78200.0,16.91,754,82.6,17,25,0,0,5,RENT,debt_consolidation,0
10706,35000,36,20.73,1313.78,78800.0,20.23,756,33.8,19,31,2,2,10,MORTGAGE,debt_consolidation,1
10707,10000,60,20.64,268.51,64600.0,23.47,776,71.1,9,14,0,0,2,MORTGAGE,small_business,0
10708,20000,36,20.06,743.88,114800.0,22.14,789,56.1,10,23,2,0,7,OWN,credit_card,0
10709,10000,36,20.12,372.25,108400.0,23.08,727,30.7,7,12,0,0,7,RENT,credit_card,0
10710,15000,36,21.31,567.52,49900.0,19.0,679,27.8,12,25,0,0,2,RENT,debt_consolidation,0
10711,20000,36,24.52,790.13,36500.0,29.09,686,65.8,13,25,0,0,0,MORTGAGE,debt_consolidation,1
10712,15000,60,21.68,411.56,60400.0,12.37,682,60.0,8,20,0,0,10,RENT,small_business,0
10713,12000,60,22.48,334.71,46200.0,16.78,677,25.1,7,13,0,0,1,MORTGAGE,small_business,0
10714,12000,36,17.58,431.3,64300.0,5.58,751,57.0,14,22,0,0,2,RENT,debt_consolidation,0
10715,10000,36,20.63,374.85,115500.0,12.23,695,65.1,7,22,0,0,10,RENT,home_improvement,0
10716,30000,60,20.87,809.41,53900.0,26.64,739,40.6,11,24,0,1,7,RENT,debt_consolidation,0
10717,25000,60,23.05,705.48,64900.0,22.72,725,49.8,15,24,0,0,2,RENT,debt_consolidation,0
10718,35000,36,26.11,1412.22,67900.0,3.34,646,43.3,11,27,3,0,7,MORTGAGE,credit_card,1
10719,7500,36,28.5,312.26,96900.0,41.09,618,60.4,12,27,1,0,5,MORTGAGE,credit_card,1
10720,20000,36,25.1,796.25,24100.0,17.89,639,44.9,13,27,0,2,10,OWN,home_improvement,1
10721,30000,36,24.7,1188.04,50400.0,18.07,676,17.9,10,23,1,0,10,MORTGAGE,debt_consolidation,0
10722,7500,36,23.43,292.01,72800.0,11.8,701,84.9,9,15,1,0,10,RENT,debt_consolidation,0
10723,5000,36,23.77,195.56,113600.0,13.26,666,20.7,17,30,0,0,2,RENT,debt_consolidation,0
10724,20000,36,17.69,719.94,53000.0,17.79,727,28.1,7,21,0,0,7,RENT,debt_consolidation,0
10725,15000,60,25.09,441.06,28400.0,22.07,671,66.3,14,23,0,0,0,OWN,debt_consolidation,1
10726,25000,36,18.33,907.95,87500.0,19.46,707,27.4,15,33,0,0,0,RENT,debt_consolidation,0
10727,7500,36,20.99,282.52,49700.0,12.32,700,75.3,16,30,0,0,7,OWN,debt_consolidation,0
10728,20000,36,14.96,692.91,38700.0,9.89,773,32.3,8,20,0,0,0,MORTGAGE,debt_consolidation,0
10729,10000,36,25.19,398.6,50000.0,9.51,651,80.0,16,22,0,0,7,RENT,credit_card,1
10730,7500,36,17.71,270.05,60900.0,27.67,794,24.3,13,20,0,1,10,RENT,credit_card,0
10731,7500,36,25.4,299.79,50400.0,26.03,668,48.2,12,22,1,0,3,MORTGAGE,credit_card,0
10732,20000,36,27.6,822.96,24500.0,21.07,635,70.6,8,17,0,0,0,RENT,debt_consolidation,1
10733,15000,36,23.01,580.72,99100.0,27.57,685,61.7,18,31,0,1,7,RENT,debt_consolidation,0
10734,12000,36,14.6,413.64,117400.0,15.44,840,29.5,13,27,1,0,10,RENT,debt_consolidation,0
10735,10000,36,22.73,385.69,88700.0,24.93,735,60.4,13,27,0,0,7,MORTGAGE,debt_consolidation,0
10736,25000,60,23.3,709.08,39700.0,21.61,722,72.6,16,26,0,0,7,RENT,debt_consolidation,0
10737,12000,36,24.69,475.15,60400.0,25.26,731,40.3,7,23,2,0,2,MORTGAGE,debt_consolidation,0
10738,20000,60,23.09,564.84,66000.0,8.96,660,29.2,17,27,1,0,0,RENT,credit_card,0
10739,12000,36,18.08,434.31,86600.0,2.98,710,28.0,13,21,0,0,7,MORTGAGE,major_purchase,0
10740,10000,36,22.56,384.81,89400.0,18.86,695,60.9,10,29,0,0,2,RENT,debt_consolidation,0
10741,12000,36,19.65,443.83,47600.0,13.66,776,54.3,10,20,2,0,10,MORTGAGE,home_improvement,0
10742,10000,36,19.61,369.65,68700.0,3.82,690,56.5,14,27,0,0,5,MORTGAGE,debt_consolidation,0
10743,20000,60,25.29,590.43,81300.0,29.85,678,53.1,13,19,0,0,5,MORTGAGE,credit_card,0
10744,12000,36,26.97,489.71,127400.0,26.07,643,52.7,17,30,0,0,10,MORTGAGE,credit_card,0
10745,10000,60,22.8,280.76,90900.0,19.71,701,44.4,15,28,0,2,10,RENT,small_business,1
10746,25000,36,20.24,932.15,94400.0,10.24,708,44.2,15,29,0,0,7,RENT,debt_consolidation,0
10747,12000,36,23.37,466.83,68700.0,5.42,641,29.1,10,23,0,0,10,MORTGAGE,debt_consolidation,0
10748,15000,36,21.87,571.85,124800.0,3.78,715,71.9,13,29,2,0,10,MORTGAGE,debt_consolidation,0
10749,30000,36,23.52,1169.44,79600.0,12.18,705,75.7,11,18,0,0,10,MORTGAGE,debt_consolidation,1
10750,15000,36,20.0,557.45,44900.0,23.25,741,55.3,16,33,0,0,10,RENT,small_business,0
10751,7500,36,15.51,261.87,124400.0,13.74,750,48.2,10,24,0,0,7,MORTGAGE,home_improvement,0
10752,30000,36,24.53,1185.35,90600.0,21.2,699,15.1,8,28,3,0,7,MORTGAGE,credit_card,0
10753,15000,36,24.92,595.76,54200.0,21.73,648,27.0,12,19,0,0,1,MORTGAGE,debt_consolidation,0
10754,10000,60,25.29,295.22,53300.0,23.08,658,54.1,9,23,0,0,3,MORTGAGE,small_business,0
10755,7500,60,14.53,176.58,75600.0,4.81,774,51.6,11,26,1,0,0,MORTGAGE,debt_consolidation,0
10756,20000,60,22.18,554.43,81500.0,10.77,702,78.6,18,27,0,0,1,MORTGAGE,debt_consolidation,1
10757,15000,36,18.57,546.58,72300.0,21.0,774,64.2,12,23,0,0,5,RENT,home_improvement,0
10758,15000,36,25.3,598.78,76100.0,33.05,717,90.6,12,23,1,0,1,RENT,debt_consolidation,1
10759,25000,36,28.2,1036.79,142200.0,28.52,729,79.6,9,19,3,0,10,MORTGAGE,debt_consolidation,0
10760,20000,60,19.97,529.54,107200.0,19.19,737,59.5,7,26,0,0,10,RENT,debt_consolidation,0
10761,7500,36,26.93,305.91,72100.0,30.01,640,63.3,5,13,1,0,0,MORTGAGE,credit_card,1
10762,10000,36,21.68,380.25,101100.0,19.12,709,40.4,11,19,0,1,2,OWN,credit_card,1
10763,10000,60,25.66,297.4,41600.0,6.42,639,86.5,6,18,0,0,10,MORTGAGE,debt_consolidation,0
10764,20000,36,26.96,816.08,79100.0,22.89,682,52.6,16,22,1,0,10,RENT,credit_card,0
10765,5000,36,23.32,194.38,149400.0,29.01,724,38.9,12,21,2,0,10,RENT,home_improvement,0
10766,15000,36,28.5,624.51,60000.0,38.12,649,85.4,7,32,0,1,10,MORTGAGE,small_business,1
10767,20000,36,21.29,756.48,45200.0,11.99,720,58.2,13,24,0,0,10,OWN,credit_card,0
10768,25000,36,24.49,987.26,49300.0,8.41,628,70.2,10,27,0,0,5,RENT,home_improvement,1
10769,10000,36,20.56,374.5,40500.0,24.96,746,36.8,11,25,0,0,2,RENT,credit_card,0
10770,25000,36,24.44,986.61,46500.0,20.37,665,30.4,16,28,0,0,10,MORTGAGE,debt_consolidation,1
10771,7500,36,26.32,303.46,56000.0,19.44,649,69.4,16,24,0,0,3,MORTGAGE,debt_consolidation,0
10772,25000,60,25.74,744.67,35200.0,30.22,630,14.2,9,22,0,0,10,RENT,debt_consolidation,0
10773,7500,36,23.13,290.83,66600.0,24.91,669,36.2,9,22,0,0,5,MORTGAGE,debt_consolidation,0
10774,12000,36,26.97,489.71,99300.0,21.34,609,53.5,10,19,0,1,10,RENT,debt_consolidation,0
10775,20000,36,23.88,783.4,44000.0,12.84,670,35.6,9,23,1,0,3,MORTGAGE,debt_consolidation,1
10776,7500,60,17.06,186.64,131100.0,23.92,744,61.3,13,29,0,0,5,RENT,debt_consolidation,0
10777,10000,36,21.43,378.96,83300.0,8.2,687,71.8,16,27,0,1,5,RENT,debt_consolidation,0
10778,20000,36,26.73,813.61,105200.0,19.09,642,64.4,7,17,1,0,10,MORTGAGE,debt_consolidation,1
10779,20000,60,20.46,535.01,49200.0,16.21,705,60.3,10,19,0,0,2,RENT,credit_card,1
10780,15000,60,20.3,399.92,97200.0,6.22,701,54.1,14,25,0,0,10,MORTGAGE,home_improvement,0
10781,15000,36,16.21,528.91,40500.0,20.4,783,67.9,13,24,0,0,10,MORTGAGE,debt_consolidation,0
10782,15000,60,19.35,392.0,98800.0,12.0,731,29.4,14,29,0,0,10,MORTGAGE,debt_consolidation,0
10783,10000,36,22.33,383.61,71500.0,20.15,709,45.0,12,27,0,0,10,MORTGAGE,debt_consolidation,0
10784,10000,36,19.16,367.37,84900.0,9.55,736,35.1,9,25,0,0,7,MORTGAGE,debt_consolidation,0
10785,7500,36,21.47,284.38,39000.0,25.04,689,23.7,17,30,0,0,2,OWN,debt_consolidation,0
10786,30000,36,23.14,1163.48,44200.0,35.58,692,11.4,16,31,0,0,2,MORTGAGE,home_improvement,1
10787,15000,60,16.02,364.93,86600.0,8.2,770,30.1,10,18,0,0,10,MORTGAGE,debt_consolidation,0
10788,12000,36,23.51,467.71,43200.0,9.54,621,20.0,9,19,0,0,10,MORTGAGE,home_improvement,0
10789,12000,36,18.76,438.42,81500.0,7.37,739,53.5,6,16,1,0,2,MORTGAGE,credit_card,0
10790,30000,60,21.4,818.37,35800.0,14.72,690,39.0,8,25,0,0,7,RENT,debt_consolidation,1
10791,7500,60,23.89,215.28,96900.0,19.99,682,71.1,6,23,0,0,5,MORTGAGE,debt_consolidation,0
10792,15000,36,23.1,581.43,38000.0,23.19,670,52.2,14,23,0,0,1,RENT,debt_consolidation,0
10793,12000,36,19.81,444.8,84800.0,18.9,702,69.1,16,30,0,0,5,MORTGAGE,debt_consolidation,0
10794,15000,36,22.89,579.79,87700.0,22.84,693,43.0,13,27,1,0,3,RENT,debt_consolidation,0
10795,5000,60,20.68,134.37,48400.0,15.91,676,63.8,8,20,0,0,1,MORTGAGE,major_purchase,0
10796,25000,36,23.51,974.4,86000.0,11.93,663,50.8,12,25,1,0,5,MORTGAGE,home_improvement,0
10797,30000,60,27.0,916.06,74400.0,9.68,609,37.8,14,27,0,0,7,RENT,small_business,1
10798,15000,36,23.47,584.33,51900.0,15.01,662,63.2,10,23,1,0,0,MORTGAGE,debt_consolidation,0
10799,15000,36,22.31,575.27,42000.0,9.82,672,42.4,15,28,0,1,5,RENT,debt_consolidation,0
10800,30000,36,24.2,1180.14,27400.0,19.69,702,67.9,9,18,0,0,2,RENT,debt_consolidation,0
10801,20000,36,12.85,672.43,77400.0,9.91,783,34.7,13,21,0,0,0,MORTGAGE,debt_consolidation,0
10802,7500,36,26.89,305.75,32700.0,12.64,667,87.2,14,25,0,0,1,RENT,debt_consolidation,0
10803,15000,60,24.93,439.65,69100.0,27.6,649,26.5,7,24,0,1,1,OWN,credit_card,1
10804,15000,36,25.82,602.92,58800.0,28.9,663,22.8,12,22,0,0,2,RENT,debt_consolidation,0
10805,12000,36,22.69,462.58,89800.0,28.45,702,34.4,9,19,0,0,10,OWN,small_business,0
10806,20000,60,20.43,534.67,57800.0,16.05,721,6.8,4,14,2,0,5,MORTGAGE,major_purchase,0
10807,30000,36,16.64,1064.21,57100.0,12.19,728,69.6,13,28,0,0,1,RENT,debt_consolidation,0
10808,30000,60,18.0,761.8,92000.0,21.2,732,31.5,15,25,0,0,1,OWN,home_improvement,0
10809,12000,36,20.33,447.98,76900.0,10.03,739,16.9,11,27,2,0,3,MORTGAGE,debt_consolidation,0
10810,7500,36,25.86,301.62,76300.0,23.76,682,27.5,8,14,1,0,10,OWN,debt_consolidation,0
10811,35000,36,13.42,1186.38,81700.0,11.59,787,41.8,12,25,0,0,3,MORTGAGE,home_improvement,0
10812,25000,36,23.28,971.4,33200.0,14.69,679,67.8,9,24,0,1,1,OWN,debt_consolidation,1
10813,7500,60,22.94,211.17,93000.0,24.02,700,67.5,13,31,0,0,5,MORTGAGE,small_business,1
10814,30000,36,15.78,1051.46,87200.0,5.26,753,23.3,7,22,0,0,5,MORTGAGE,credit_card,0
10815,25000,36,18.91,915.26,41900.0,11.87,720,34.4,9,22,0,0,0,RENT,small_business,0
10816,12000,36,28.5,499.61,59300.0,19.9,594,66.1,9,20,1,0,7,MORTGAGE,major_purchase,1
10817,15000,36,24.16,589.75,65000.0,22.06,695,65.6,6,15,0,0,5,MORTGAGE,debt_consolidation,1
10818,12000,60,18.81,310.03,62300.0,20.3,734,42.6,13,21,0,0,0,MORTGAGE,debt_consolidation,0
10819,5000,36,28.5,208.17,76900.0,14.59,635,56.1,12,26,3,0,7,RENT,debt_consolidation,0
10820,10000,36,22.11,382.47,126000.0,25.22,729,52.9,8,22,0,1,7,OWN,debt_consolidation,0
10821,20000,60,18.4,512.23,107700.0,9.5,713,42.5,5,17,0,0,7,MORTGAGE,debt_consolidation,0
10822,5000,36,18.38,181.72,36700.0,9.26,748,76.1,11,21,0,0,3,MORTGAGE,home_improvement,0
10823,10000,60,25.4,295.86,87500.0,19.8,664,88.7,6,16,0,0,5,MORTGAGE,debt_consolidation,0
10824,12000,36,19.19,441.03,120300.0,8.89,740,64.3,9,24,0,0,3,RENT,major_purchase,0
10825,15000,36,23.78,586.76,78800.0,36.19,702,31.0,9,19,0,0,7,MORTGAGE,credit_card,0
10826,30000,36,17.0,1069.58,108100.0,12.06,774,45.0,9,21,1,0,7,MORTGAGE,debt_consolidation,0
10827,10000,60,15.08,238.32,163700.0,24.99,820,32.4,18,26,0,0,1,MORTGAGE,debt_consolidation,0
10828,10000,60,12.25,223.71,104900.0,8.01,764,35.2,14,27,0,0,7,RENT,debt_consolidation,0
10829,20000,36,24.4,788.86,74000.0,32.44,717,61.1,11,26,0,0,7,RENT,debt_consolidation,1
10830,12000,36,16.97,427.65,105900.0,16.62,799,56.9,12,21,0,1,3,RENT,debt_consolidation,0
10831,10000,36,20.32,373.27,70600.0,11.88,722,79.3,10,21,0,0,10,MORTGAGE,debt_consolidation,0
10832,12000,36,24.49,473.89,66900.0,14.05,654,79.4,14,31,0,0,10,RENT,credit_card,0
10833,7500,36,22.62,288.84,56500.0,10.85,693,82.8,13,23,0,0,2,RENT,debt_consolidation,1
10834,7500,60,17.7,189.23,133700.0,14.66,729,36.7,9,18,0,0,10,MORTGAGE,home_improvement,0
10835,12000,36,18.09,434.37,45800.0,8.29,732,63.4,8,23,0,0,5,MORTGAGE,home_improvement,0
10836,12000,36,25.62,481.06,131900.0,12.08,644,71.6,11,19,0,0,10,MORTGAGE,debt_consolidation,0
10837,30000,36,28.19,1243.99,82900.0,24.75,646,75.3,11,23,0,0,10,RENT,debt_consolidation,1
10838,10000,36,23.93,391.96,35300.0,18.37,680,61.9,7,17,0,0,5,RENT,credit_card,0
10839,15000,36,22.13,573.87,78100.0,9.39,719,38.0,10,21,0,0,5,RENT,major_purchase,0
10840,15000,36,22.02,573.01,25700.0,14.93,725,65.6,11,25,0,0,10,MORTGAGE,debt_consolidation,0
10841,5000,60,25.36,147.81,87700.0,29.06,701,43.5,13,26,1,0,2,MORTGAGE,debt_consolidation,0
10842,15000,36,25.4,599.58,98600.0,12.85,657,71.0,19,33,0,1,2,OWN,debt_consolidation,0
10843,7500,36,15.94,263.46,50700.0,8.83,773,47.9,14,27,0,0,3,MORTGAGE,debt_consolidation,0
10844,35000,36,24.67,1385.49,70000.0,21.66,647,22.7,7,25,0,0,10,OWN,debt_consolidation,0
10845,7500,60,17.6,188.82,159400.0,3.97,754,70.2,15,26,0,0,10,RENT,debt_consolidation,0
10846,12000,60,19.68,315.79,52700.0,14.22,728,29.4,13,24,0,0,2,MORTGAGE,credit_card,0
10847,5000,36,22.01,190.98,41100.0,30.32,753,89.5,13,34,0,0,10,MORTGAGE,debt_consolidation,0
10848,35000,36,22.04,1337.39,128900.0,14.71,675,44.6,9,21,0,0,2,OWN,debt_consolidation,0
10849,12000,36,25.25,478.71,160000.0,25.97,689,55.7,15,24,0,0,10,MORTGAGE,debt_consolidation,0
10850,15000,36,20.78,563.43,66300.0,8.76,697,66.8,14,23,0,0,7,RENT,home_improvement,0
10851,5000,36,22.24,191.57,104300.0,14.41,674,33.1,7,15,1,0,0,MORTGAGE,debt_consolidation,0
10852,20000,36,18.48,727.87,121000.0,13.7,705,22.4,13,32,0,0,0,RENT,major_purchase,0
10853,10000,36,19.56,369.4,47400.0,21.09,766,59.2,8,15,0,0,1,RENT,debt_consolidation,0
10854,25000,60,28.5,785.95,53200.0,17.09,637,62.6,9,24,3,0,2,OWN,debt_consolidation,1
10855,10000,60,24.84,292.58,115100.0,32.3,665,19.3,7,21,1,0,10,RENT,debt_consolidation,0
10856,7500,36,23.76,293.3,141200.0,12.47,661,45.5,11,29,0,0,2,RENT,credit_card,0
10857,5000,36,21.71,190.2,85200.0,16.99,691,38.8,10,27,0,0,10,MORTGAGE,debt_consolidation,0
10858,12000,36,23.4,467.02,44500.0,13.97,689,55.8,8,22,0,0,7,MORTGAGE,credit_card,1
10859,15000,36,24.98,596.24,161800.0,16.36,730,81.2,11,21,2,0,7,MORTGAGE,credit_card,0
10860,5000,36,23.12,193.86,52100.0,15.6,697,53.5,11,27,0,0,2,MORTGAGE,credit_card,0
10861,20000,36,22.86,772.74,56900.0,9.97,709,71.1,14,25,1,1,10,MORTGAGE,debt_consolidation,0
10862,12000,36,20.1,446.57,77200.0,24.08,713,35.3,8,20,0,2,7,MORTGAGE,home_improvement,0
10863,12000,60,17.98,304.59,133200.0,11.39,706,18.9,17,25,0,0,10,OWN,debt_consolidation,0
10864,12000,36,23.65,468.59,97200.0,10.96,727,47.4,12,28,3,1,10,RENT,debt_consolidation,0
10865,12000,36,22.1,458.91,79800.0,6.45,689,68.2,11,35,0,0,1,MORTGAGE,debt_consolidation,0
10866,15000,60,16.32,367.33,81500.0,12.28,769,51.5,6,13,0,0,1,OWN,credit_card,0
10867,7500,36,15.71,262.61,67500.0,11.31,809,32.7,12,18,0,2,10,MORTGAGE,debt_consolidation,0
10868,7500,36,16.59,265.87,85100.0,2.0,727,5.6,6,22,0,0,10,MORTGAGE,debt_consolidation,0
10869,25000,36,16.44,884.37,24000.0,4.51,705,41.2,9,24,0,0,7,RENT,debt_consolidation,0
10870,30000,36,18.09,1085.93,57900.0,14.63,723,18.4,15,23,0,0,3,MORTGAGE,debt_consolidation,0
10871,10000,60,27.23,306.73,73800.0,31.6,645,78.5,13,31,0,0,7,RENT,debt_consolidation,0
10872,10000,36,23.8,391.28,39400.0,7.17,703,82.4,18,34,0,0,3,MORTGAGE,debt_consolidation,0
10873,15000,36,21.78,571.15,78700.0,16.2,662,64.7,12,24,0,0,2,MORTGAGE,debt_consolidation,1
10874,12000,60,24.56,349.13,60400.0,14.45,718,39.4,12,28,3,0,5,MORTGAGE,debt_consolidation,0
10875,5000,60,25.73,148.9,145800.0,22.51,662,68.5,11,27,0,0,2,OWN,small_business,1
10876,7500,60,26.21,225.49,134300.0,23.33,679,79.4,14,28,0,0,5,RENT,debt_consolidation,0
10877,20000,36,28.5,832.68,53700.0,42.0,611,38.6,13,23,0,1,10,RENT,debt_consolidation,0
10878,15000,36,26.92,611.73,61800.0,18.71,642,33.1,19,28,0,0,10,RENT,debt_consolidation,1
10879,5000,60,25.09,147.02,64000.0,10.51,711,41.5,11,21,3,0,10,MORTGAGE,home_improvement,1
10880,10000,60,20.9,269.97,54000.0,12.09,656,43.0,12,22,0,0,10,RENT,debt_consolidation,0
10881,10000,36,19.18,367.47,72200.0,12.76,743,33.2,9,20,0,0,3,MORTGAGE,debt_consolidation,0
10882,15000,36,24.05,588.89,47000.0,11.57,652,53.9,12,20,0,0,10,MORTGAGE,debt_consolidation,0
10883,5000,36,26.6,203.05,39800.0,35.41,715,50.0,15,22,1,0,10,RENT,major_purchase,0
10884,7500,60,26.29,225.84,87600.0,22.78,661,58.3,12,25,1,0,10,MORTGAGE,credit_card,1
10885,20000,36,22.7,771.07,87800.0,6.06,712,55.7,16,25,3,1,7,MORTGAGE,debt_consolidation,1
10886,7500,36,24.6,296.61,46100.0,20.99,626,40.2,13,29,0,0,2,RENT,debt_consolidation,0
10887,15000,36,27.44,615.92,99000.0,8.98,675,46.4,10,23,3,0,0,RENT,debt_consolidation,1
10888,10000,36,26.84,407.39,49800.0,23.22,657,66.4,10,21,0,0,1,RENT,debt_consolidation,0
10889,5000,60,19.65,131.5,74200.0,27.98,735,35.2,14,27,0,0,10,MORTGAGE,home_improvement,0
10890,10000,36,17.85,360.77,95700.0,14.59,716,66.6,12,25,0,0,5,MORTGAGE,debt_consolidation,0
10891,20000,60,26.36,603.08,65200.0,12.01,640,62.8,14,28,0,0,10,RENT,credit_card,1
10892,25000,60,22.83,702.32,81200.0,32.7,686,60.7,8,16,0,0,5,RENT,debt_consolidation,0
10893,25000,36,28.5,1040.85,52400.0,11.18,660,87.6,7,12,1,0,7,RENT,credit_card,0
10894,12000,36,17.02,427.95,60600.0,10.55,738,59.1,10,22,0,0,0,OWN,debt_consolidation,0
10895,15000,36,17.71,540.11,60300.0,9.59,752,57.4,10,26,0,0,2,OWN,debt_consolidation,0
10896,10000,60,24.47,290.41,47300.0,15.8,630,22.4,12,18,0,1,5,MORTGAGE,credit_card,0
10897,10000,36,20.74,375.42,61100.0,18.68,732,58.4,7,23,0,0,7,RENT,debt_consolidation,0
10898,25000,36,26.81,1018.08,33000.0,26.13,658,69.6,13,29,0,0,2,RENT,credit_card,1
10899,5000,60,24.9,146.46,53000.0,21.47,684,51.3,11,22,1,0,10,RENT,home_improvement,0
10900,5000,36,21.48,189.61,58200.0,21.3,696,41.4,14,32,0,0,3,MORTGAGE,debt_consolidation,0
10901,10000,60,17.91,253.44,59000.0,30.07,777,35.8,7,23,0,0,10,RENT,small_business,1
10902,5000,36,24.38,197.16,59400.0,9.34,650,85.2,14,24,0,0,1,OWN,debt_consolidation,1
10903,7500,36,20.46,280.49,64400.0,6.92,733,65.2,6,10,1,0,7,RENT,debt_consolidation,0
10904,15000,36,24.05,588.89,82100.0,21.99,642,57.6,8,20,0,0,3,RENT,credit_card,1
10905,12000,60,23.9,344.52,98100.0,15.42,639,20.9,15,28,0,1,10,MORTGAGE,credit_card,0
10906,25000,36,24.03,981.22,49400.0,26.18,696,69.6,10,27,0,0,5,MORTGAGE,debt_consolidation,0
10907,20000,60,22.13,553.86,38500.0,16.17,696,39.1,12,26,0,0,7,MORTGAGE,home_improvement,0
10908,10000,60,27.98,311.24,41400.0,11.79,580,27.6,8,15,1,0,10,MORTGAGE,major_purchase,1
10909,10000,36,20.62,374.8,53100.0,22.15,747,57.8,12,17,0,0,0,RENT,debt_consolidation,0
10910,10000,60,28.2,312.57,56500.0,17.21,599,48.0,14,27,0,0,0,MORTGAGE,small_business,0
10911,15000,36,24.13,589.52,46800.0,16.18,688,63.0,11,23,1,0,10,RENT,credit_card,0
10912,10000,36,22.92,386.68,36900.0,42.0,755,59.9,9,23,0,0,7,MORTGAGE,major_purchase,0
10913,15000,36,16.89,533.97,53900.0,28.95,794,66.0,10,24,0,0,3,MORTGAGE,debt_consolidation,0
10914,12000,60,25.94,358.86,71800.0,23.55,679,60.8,7,16,0,0,5,MORTGAGE,home_improvement,0
10915,15000,36,26.98,612.22,86500.0,17.48,631,87.5,12,18,0,0,0,OWN,debt_consolidation,1
10916,12000,36,18.82,438.78,51500.0,16.73,753,64.0,6,21,0,0,2,MORTGAGE,small_business,0
10917,10000,36,18.16,362.33,54900.0,14.02,734,57.3,7,17,0,0,5,MORTGAGE,credit_card,0
10918,30000,36,24.96,1192.16,43600.0,18.38,673,70.1,10,25,1,0,10,RENT,debt_consolidation,1
10919,20000,36,24.5,789.92,65200.0,12.64,667,43.0,10,24,0,0,5,OWN,debt_consolidation,0
10920,7500,60,22.93,211.13,45200.0,8.23,663,56.3,14,24,0,0,7,RENT,home_improvement,1
10921,25000,60,23.95,718.47,85600.0,16.07,679,82.8,11,24,0,0,10,MORTGAGE,credit_card,1
10922,12000,36,20.36,448.17,29600.0,19.14,709,37.9,10,22,0,0,3,MORTGAGE,debt_consolidation,0
10923,25000,60,22.97,704.33,56300.0,26.21,670,14.7,11,28,0,0,7,OWN,debt_consolidation,0
10924,20000,36,22.43,768.27,75800.0,10.58,675,39.5,10,22,0,1,10,RENT,home_improvement,1
10925,12000,60,20.41,320.67,71900.0,16.79,724,51.9,10,20,0,0,2,RENT,debt_consolidation,0
10926,5000,36,26.71,203.35,222300.0,21.39,628,48.4,9,19,0,1,3,MORTGAGE,debt_consolidation,0
10927,10000,36,22.04,382.11,77500.0,21.15,678,43.2,9,24,0,1,10,MORTGAGE,small_business,1
10928,15000,36,27.47,616.17,42100.0,34.54,620,26.8,19,30,0,0,10,MORTGAGE,debt_consolidation,1
10929,15000,60,21.09,406.56,63400.0,14.16,700,45.6,16,38,0,1,2,RENT,debt_consolidation,1
10930,10000,36,26.67,406.48,29800.0,10.09,608,63.5,7,24,0,0,0,MORTGAGE,debt_consolidation,1
10931,7500,36,19.26,275.91,63800.0,17.36,735,55.1,13,29,0,0,3,OWN,small_business,0
10932,25000,36,25.14,995.85,45500.0,14.55,636,64.6,8,18,0,0,5,MORTGAGE,debt_consolidation,0
10933,35000,36,26.62,1421.76,99900.0,13.24,615,50.3,9,19,0,0,5,RENT,credit_card,0
10934,12000,36,22.95,464.2,51700.0,12.31,679,25.8,11,27,1,0,7,MORTGAGE,small_business,0
10935,7500,36,19.8,277.96,62800.0,19.17,772,71.2,16,27,0,0,10,RENT,debt_consolidation,0
10936,10000,60,20.36,266.95,49700.0,11.4,727,40.7,13,22,1,0,3,MORTGAGE,home_improvement,0
10937,5000,36,24.62,197.8,144700.0,23.53,608,31.2,12,24,0,0,10,RENT,debt_consolidation,0
10938,30000,60,28.5,943.14,57300.0,22.99,635,76.4,13,25,0,0,1,RENT,credit_card,1
10939,7500,36,23.54,292.44,150900.0,20.04,677,53.3,10,20,0,0,0,MORTGAGE,debt_consolidation,0
10940,15000,60,15.32,359.37,95500.0,9.33,796,73.4,15,30,0,0,5,RENT,credit_card,0
10941,10000,60,24.84,292.58,82200.0,18.75,653,55.6,11,23,0,1,0,RENT,debt_consolidation,0
10942,15000,36,23.58,585.19,78100.0,27.05,653,13.6,12,24,0,0,5,OWN,debt_consolidation,0
10943,15000,36,17.95,541.91,79000.0,24.36,764,22.4,17,31,1,0,10,OWN,major_purchase,0
10944,25000,36,23.08,968.79,27800.0,22.71,704,53.5,12,19,0,0,2,OWN,debt_consolidation,0
10945,10000,36,19.03,366.71,58400.0,16.67,742,54.6,10,20,0,0,7,MORTGAGE,home_improvement,0
10946,5000,60,24.22,144.48,96800.0,16.29,662,62.0,14,26,0,0,3,MORTGAGE,debt_consolidation,1
10947,7500,36,25.31,299.43,64700.0,29.18,690,46.8,11,22,3,0,0,OWN,debt_consolidation,1
10948,30000,36,20.26,1118.89,35200.0,19.02,754,58.3,9,18,1,0,5,RENT,home_improvement,0
10949,25000,36,22.96,967.22,64600.0,19.14,688,83.2,13,26,0,2,10,MORTGAGE,debt_consolidation,1
10950,15000,60,21.68,411.56,142500.0,42.0,746,45.3,13,21,0,0,5,RENT,home_improvement,0
10951,15000,36,19.48,553.49,116000.0,14.0,712,26.3,11,26,0,0,7,MORTGAGE,debt_consolidation,0
10952,15000,36,23.34,583.31,64400.0,4.25,648,76.4,9,20,0,0,10,RENT,debt_consolidation,0
10953,7500,36,19.95,278.54,101500.0,15.08,694,28.0,13,23,0,0,10,RENT,credit_card,0
10954,30000,60,17.14,747.84,56100.0,15.53,739,10.7,13,28,0,0,2,RENT,debt_consolidation,0
10955,12000,36,19.15,440.78,30700.0,18.88,725,38.6,7,19,0,1,10,MORTGAGE,debt_consolidation,0
10956,12000,36,21.42,454.69,43700.0,21.05,693,52.1,8,19,0,0,5,MORTGAGE,credit_card,1
10957,12000,36,24.16,471.8,133700.0,4.76,610,72.2,14,26,0,0,10,MORTGAGE,debt_consolidation,0
10958,5000,36,27.35,205.07,58500.0,21.27,614,41.9,17,36,0,0,5,RENT,debt_consolidation,0
10959,7500,36,25.3,299.39,59300.0,16.01,624,19.2,9,22,1,0,1,MORTGAGE,home_improvement,0
10960,20000,60,22.36,556.48,57800.0,14.34,672,80.5,11,23,0,0,5,MORTGAGE,home_improvement,0
10961,5000,36,21.68,190.13,155900.0,6.21,678,28.7,12,23,0,0,5,RENT,debt_consolidation,0
10962,15000,36,28.5,624.51,137500.0,32.11,629,51.5,12,19,0,0,5,RENT,debt_consolidation,0
10963,10000,36,18.3,363.03,179600.0,13.14,741,74.2,8,20,0,1,10,RENT,credit_card,0
10964,12000,60,25.0,352.22,61600.0,22.86,638,43.9,10,28,0,0,10,RENT,debt_consolidation,0
10965,10000,36,26.58,406.0,75600.0,10.5,633,64.6,12,23,0,0,5,MORTGAGE,debt_consolidation,0
10966,10000,60,22.45,278.75,33400.0,19.29,699,64.2,16,27,0,0,5,RENT,major_purchase,1
10967,20000,36,20.0,743.27,128600.0,14.46,739,53.5,8,25,1,0,5,RENT,debt_consolidation,0
10968,10000,36,19.75,370.36,39100.0,22.52,787,83.9,12,19,0,0,5,MORTGAGE,credit_card,0
10969,15000,36,20.56,561.74,73000.0,14.21,721,67.8,13,23,0,0,10,RENT,small_business,0
10970,12000,36,18.27,435.46,40400.0,10.23,766,54.4,9,18,0,0,7,MORTGAGE,credit_card,0
10971,15000,36,25.97,604.12,50800.0,16.38,640,78.2,13,22,0,0,3,MORTGAGE,small_business,0
10972,30000,36,16.05,1055.45,45400.0,15.97,792,67.2,11,24,0,0,5,OWN,debt_consolidation,0
10973,20000,36,27.09,817.47,50300.0,18.67,611,48.6,11,30,0,0,7,OWN,debt_consolidation,0
10974,10000,60,25.6,297.04,51900.0,25.81,672,47.8,14,29,0,0,7,RENT,home_improvement,1
10975,5000,36,18.82,182.83,51700.0,9.0,720,37.5,10,15,0,0,7,RENT,debt_consolidation,0
10976,10000,60,28.5,314.38,96300.0,25.18,623,76.8,11,21,2,0,2,RENT,credit_card,1
10977,15000,36,22.14,573.94,40200.0,8.24,653,51.0,11,25,0,1,0,OWN,debt_consolidation,0
10978,5000,36,26.5,202.79,73100.0,22.1,646,61.9,13,22,1,0,3,RENT,credit_card,0
10979,12000,36,23.04,464.77,114500.0,22.44,681,17.5,12,22,0,0,5,RENT,debt_consolidation,0
10980,15000,36,19.57,554.17,52500.0,12.78,759,68.2,14,25,0,0,0,MORTGAGE,debt_consolidation,0
10981,10000,36,22.52,384.6,47900.0,10.79,696,58.4,19,31,0,0,10,MORTGAGE,debt_consolidation,1
10982,20000,36,21.57,759.37,59700.0,10.48,674,19.7,18,34,0,0,3,MORTGAGE,credit_card,1
10983,7500,36,28.5,312.26,112500.0,17.16,580,67.2,11,21,0,0,10,RENT,debt_consolidation,0
10984,5000,36,22.04,191.06,72200.0,23.14,716,50.2,11,27,0,0,1,RENT,credit_card,0
10985,20000,36,19.89,742.15,52100.0,15.31,731,55.8,20,34,0,1,0,OWN,debt_consolidation,0
10986,12000,60,24.34,347.59,82300.0,3.95,618,33.1,15,27,0,0,5,MORTGAGE,debt_consolidation,0
10987,15000,60,21.47,409.78,40300.0,12.35,692,53.8,18,28,0,0,2,RENT,credit_card,0
10988,12000,60,23.87,344.31,89900.0,12.12,704,12.5,14,31,3,0,10,MORTGAGE,debt_consolidation,0
10989,10000,60,19.68,263.16,79500.0,20.98,738,24.2,13,27,0,0,0,MORTGAGE,debt_consolidation,0
10990,20000,36,24.58,790.76,57600.0,21.51,662,81.6,6,13,0,0,5,OWN,debt_consolidation,0
10991,20000,36,25.05,795.73,45400.0,17.82,656,38.5,6,19,0,0,10,RENT,credit_card,1
10992,15000,60,25.19,441.94,44400.0,25.2,674,38.3,7,25,1,0,3,RENT,small_business,1
10993,10000,36,22.16,382.73,84200.0,26.1,753,63.6,9,16,0,0,1,MORTGAGE,debt_consolidation,0
10994,15000,36,20.3,559.75,115000.0,12.73,742,57.7,13,21,0,1,3,MORTGAGE,debt_consolidation,0
10995,10000,36,20.12,372.25,49700.0,10.36,694,58.8,11,25,0,0,5,RENT,debt_consolidation,0
10996,5000,36,20.87,188.04,81300.0,15.85,741,89.1,10,17,0,0,2,MORTGAGE,credit_card,0
10997,30000,36,26.48,1216.4,25900.0,17.8,588,56.6,9,15,0,0,5,MORTGAGE,debt_consolidation,0
10998,7500,60,18.05,190.65,50900.0,12.4,731,40.2,14,22,0,1,10,MORTGAGE,credit_card,0
10999,30000,36,27.31,1229.75,65300.0,42.0,645,15.6,15,28,0,0,10,RENT,debt_consolidation,0
11000,12000,36,19.04,440.11,43900.0,31.21,775,26.8,13,24,0,0,0,OWN,home_improvement,0
11001,7500,60,24.21,216.67,43400.0,11.8,647,53.5,10,26,0,0,2,RENT,debt_consolidation,0
11002,15000,36,21.95,572.47,49000.0,9.21,657,19.1,11,26,0,0,3,OWN,major_purchase,1
11003,25000,36,19.19,918.8,75500.0,11.3,720,60.7,14,17,0,0,7,RENT,debt_consolidation,0
11004,20000,36,21.29,756.48,60800.0,26.32,725,17.2,13,19,1,0,3,RENT,debt_consolidation,0
11005,20000,60,24.94,586.32,24200.0,26.63,675,43.0,14,23,1,0,10,RENT,credit_card,0
11006,15000,60,23.72,429.09,25500.0,31.4,712,57.9,9,20,0,0,7,RENT,credit_card,0
11007,15000,36,22.97,580.41,50400.0,10.19,717,85.8,6,20,0,0,1,MORTGAGE,debt_consolidation,0
11008,25000,60,23.59,713.26,81300.0,20.94,713,96.0,11,20,0,1,7,RENT,major_purchase,0
11009,10000,36,21.51,379.37,24000.0,10.7,677,73.4,15,30,0,1,1,MORTGAGE,debt_consolidation,0
11010,12000,60,22.79,336.84,52800.0,34.62,718,38.8,17,26,0,0,2,MORTGAGE,debt_consolidation,0
11011,10000,60,18.72,257.87,52200.0,10.38,758,66.0,16,27,0,0,2,OWN,debt_consolidation,0
11012,35000,60,23.48,996.34,123600.0,8.07,640,35.5,9,27,1,0,2,MORTGAGE,debt_consolidation,0
11013,30000,36,25.26,1196.92,55600.0,8.92,657,37.1,10,21,1,0,7,OWN,credit_card,0
11014,5000,60,19.63,131.44,78600.0,16.42,696,22.9,9,24,0,0,5,RENT,debt_consolidation,0
11015,20000,60,25.52,593.14,70500.0,22.98,647,66.1,16,22,0,0,2,MORTGAGE,debt_consolidation,0
11016,30000,36,26.14,1210.96,25400.0,22.27,614,35.6,10,20,1,0,10,RENT,debt_consolidation,1
11017,7500,60,19.05,194.76,93500.0,9.14,744,40.0,14,31,1,0,5,RENT,debt_consolidation,0
11018,15000,36,28.5,624.51,72900.0,13.49,595,56.4,11,21,2,0,1,MORTGAGE,small_business,1
11019,30000,60,23.67,857.3,83200.0,12.58,677,69.2,7,24,0,0,1,RENT,home_improvement,0
11020,5000,36,18.19,181.24,260000.0,8.42,729,61.0,8,22,0,1,7,RENT,debt_consolidation,0
11021,15000,36,20.63,562.28,25900.0,12.43,707,41.4,9,18,0,0,10,MORTGAGE,debt_consolidation,0
11022,10000,36,26.15,403.71,143800.0,30.76,678,55.1,13,29,0,0,7,MORTGAGE,small_business,0
11023,30000,36,24.89,1191.05,58100.0,7.79,646,51.7,8,18,0,0,10,MORTGAGE,debt_consolidation,1
11024,35000,36,19.45,1290.94,75300.0,18.39,710,45.5,9,21,0,0,5,MORTGAGE,debt_consolidation,1
11025,30000,36,28.5,1249.03,64800.0,31.1,651,68.7,14,28,1,0,5,MORTGAGE,debt_consolidation,1
11026,12000,36,24.95,476.8,54700.0,30.33,707,51.3,9,25,1,0,5,RENT,debt_consolidation,0
11027,25000,36,26.58,1015.01,51200.0,35.39,701,54.5,15,32,0,0,7,MORTGAGE,home_improvement,0
11028,25000,36,24.0,980.82,76700.0,19.27,702,60.8,12,26,1,0,3,RENT,credit_card,1
11029,10000,36,25.01,397.65,33400.0,20.66,666,53.6,14,25,0,0,10,MORTGAGE,major_purchase,0
11030,25000,36,15.38,871.29,92800.0,12.55,787,67.1,15,28,0,0,0,MORTGAGE,debt_consolidation,0
11031,5000,60,19.59,131.33,54900.0,7.69,711,28.2,8,29,0,0,5,RENT,debt_consolidation,1
11032,15000,36,20.32,559.9,39800.0,15.3,682,34.7,12,26,0,0,5,RENT,major_purchase,0
11033,10000,60,24.16,288.61,54000.0,27.87,707,71.5,10,27,0,0,7,RENT,home_improvement,0
11034,7500,60,21.7,205.86,116500.0,3.9,660,54.7,20,27,0,0,3,MORTGAGE,credit_card,0
11035,5000,36,22.43,192.07,52000.0,12.85,678,55.7,12,23,0,0,5,RENT,debt_consolidation,0
11036,15000,36,17.6,539.28,77800.0,21.64,803,54.6,15,28,0,0,5,MORTGAGE,credit_card,0
11037,10000,60,28.5,314.38,47600.0,16.53,660,69.6,10,21,3,0,7,MORTGAGE,debt_consolidation,1
11038,20000,36,26.78,814.15,93100.0,29.53,692,80.9,8,22,0,1,10,MORTGAGE,debt_consolidation,1
11039,5000,36,23.23,194.15,90100.0,26.5,674,33.7,14,25,0,0,10,RENT,credit_card,0
11040,10000,36,24.79,396.49,152000.0,7.14,648,78.8,19,29,0,0,3,MORTGAGE,credit_card,0
11041,15000,60,23.93,430.91,61100.0,17.22,714,62.1,5,16,0,0,10,RENT,credit_card,0
11042,20000,36,22.04,764.22,89400.0,10.99,697,71.3,5,16,0,0,10,RENT,credit_card,0
11043,10000,36,19.13,367.22,69200.0,10.91,736,64.9,6,21,0,0,2,OWN,debt_consolidation,0
11044,15000,60,18.07,381.47,118600.0,7.46,731,42.8,9,21,0,0,2,MORTGAGE,debt_consolidation,0
11045,25000,60,19.84,660.12,47900.0,18.66,736,61.9,16,33,0,0,3,MORTGAGE,credit_card,0
11046,15000,36,24.76,594.5,92500.0,29.82,654,44.6,12,26,0,0,5,MORTGAGE,debt_consolidation,0
11047,10000,36,22.43,384.13,60600.0,19.48,724,39.5,11,24,0,0,10,MORTGAGE,debt_consolidation,0
11048,5000,60,18.11,127.27,64300.0,7.19,725,50.4,16,25,0,0,10,RENT,debt_consolidation,0
11049,25000,36,23.06,968.53,69000.0,16.06,649,28.3,16,27,1,0,10,RENT,debt_consolidation,0
11050,5000,36,22.38,191.94,74100.0,21.23,681,34.9,12,27,0,0,3,RENT,major_purchase,0
11051,25000,36,26.6,1015.27,62800.0,15.46,629,61.8,15,22,0,0,7,RENT,debt_consolidation,1
11052,12000,60,21.56,328.43,72900.0,19.31,725,48.2,4,16,1,0,3,OWN,debt_consolidation,0
11053,30000,36,19.33,1104.69,134600.0,11.47,725,53.3,10,32,0,0,1,MORTGAGE,credit_card,0
11054,20000,60,16.78,494.69,103100.0,14.55,759,36.7,14,27,0,0,7,OWN,debt_consolidation,0
11055,35000,60,24.72,1021.56,97800.0,14.09,685,3.9,10,24,3,0,1,MORTGAGE,small_business,1
11056,10000,36,25.76,401.63,53900.0,32.45,715,86.1,12,20,0,0,7,RENT,debt_consolidation,1
11057,20000,36,19.61,739.3,44300.0,9.25,739,85.9,7,20,0,0,7,RENT,home_improvement,0
11058,12000,36,26.29,485.34,101700.0,4.26,661,44.0,7,20,1,1,10,RENT,debt_consolidation,0
11059,12000,36,28.5,499.61,98100.0,31.46,654,60.9,14,25,1,0,1,MORTGAGE,debt_consolidation,1
11060,15000,36,22.83,579.32,128400.0,17.52,662,28.5,10,18,0,1,10,RENT,debt_consolidation,0
11061,25000,60,21.88,688.77,50400.0,8.18,679,89.6,9,15,0,0,10,OWN,debt_consolidation,1
11062,35000,36,26.81,1425.32,59700.0,25.38,656,44.6,6,15,1,0,10,RENT,home_improvement,0
11063,20000,60,26.74,607.6,31600.0,21.86,664,76.5,16,34,0,0,10,RENT,debt_consolidation,0
11064,12000,36,22.74,462.89,55500.0,34.99,735,42.1,5,14,0,0,7,MORTGAGE,credit_card,0
11065,12000,36,19.81,444.8,103600.0,18.22,691,45.2,10,28,0,0,5,MORTGAGE,debt_consolidation,0
11066,20000,36,25.12,796.47,53600.0,42.0,709,54.5,9,22,0,0,10,OWN,home_improvement,0
11067,10000,36,24.67,395.86,88300.0,15.53,670,62.3,13,24,1,0,10,RENT,home_improvement,0
11068,7500,36,28.5,312.26,60700.0,21.88,667,81.6,6,20,1,0,7,RENT,debt_consolidation,0
11069,10000,36,26.23,404.13,76600.0,23.42,708,70.9,11,20,2,0,10,MORTGAGE,debt_consolidation,0
11070,10000,36,24.77,396.38,39500.0,42.0,701,65.4,11,19,1,1,5,MORTGAGE,credit_card,0
11071,10000,36,21.09,377.21,68800.0,13.11,730,79.7,13,29,0,0,1,MORTGAGE,debt_consolidation,1
11072,10000,36,14.26,343.04,24000.0,12.89,754,28.1,12,22,0,0,5,RENT,debt_consolidation,0
11073,5000,36,24.83,198.35,60800.0,23.65,664,41.6,11,22,0,0,2,MORTGAGE,credit_card,0
11074,5000,36,22.53,192.33,31800.0,7.78,734,76.0,11,21,0,2,3,MORTGAGE,major_purchase,0
11075,35000,60,24.23,1011.56,113900.0,10.95,646,24.4,10,23,0,0,0,RENT,small_business,0
11076,12000,36,15.81,420.76,93900.0,15.31,788,39.6,14,24,0,0,3,RENT,credit_card,0
11077,12000,60,26.94,365.99,81600.0,34.46,660,43.3,8,21,1,0,10,MORTGAGE,debt_consolidation,0
11078,15000,36,22.5,576.74,131200.0,23.66,726,49.6,12,30,0,0,5,RENT,major_purchase,0
11079,10000,36,26.41,405.09,43200.0,17.17,646,66.7,11,23,0,0,0,OWN,debt_consolidation,0
11080,30000,36,21.09,1131.64,145300.0,12.47,688,46.4,14,29,0,1,5,MORTGAGE,debt_consolidation,0
11081,20000,36,21.42,757.82,100700.0,41.09,765,66.0,5,18,0,0,3,RENT,small_business,0
11082,5000,36,23.9,195.9,59500.0,16.01,658,71.4,9,22,0,1,5,OWN,debt_consolidation,0
11083,12000,36,15.6,419.52,110300.0,10.94,794,22.9,11,21,1,0,5,MORTGAGE,debt_consolidation,0
11084,25000,36,25.11,995.45,40200.0,42.0,695,50.3,12,28,0,0,10,MORTGAGE,credit_card,0
11085,30000,36,16.96,1068.98,45700.0,7.98,739,28.1,17,31,0,0,0,MORTGAGE,debt_consolidation,0
11086,12000,36,24.99,477.05,50300.0,30.27,713,72.3,13,24,0,0,7,RENT,debt_consolidation,0
11087,15000,60,18.71,386.72,52200.0,16.63,716,24.2,16,28,0,1,10,MORTGAGE,debt_consolidation,0
11088,7500,36,28.5,312.26,41100.0,23.63,631,37.8,10,18,2,0,10,MORTGAGE,debt_consolidation,1
11089,35000,36,26.41,1417.83,114700.0,21.59,674,72.9,6,24,0,0,2,RENT,major_purchase,0
11090,10000,36,23.49,389.66,58900.0,23.47,749,58.7,18,24,2,0,5,MORTGAGE,debt_consolidation,1
11091,30000,36,27.26,1228.94,77500.0,42.0,680,48.5,13,34,0,0,0,OWN,debt_consolidation,0
11092,15000,36,26.29,606.68,51200.0,42.0,701,61.3,13,24,0,2,5,MORTGAGE,debt_consolidation,1
11093,15000,36,24.24,590.38,29200.0,11.26,625,30.7,16,22,0,0,1,OWN,credit_card,0
11094,12000,36,24.4,473.32,74700.0,21.19,671,39.5,14,25,0,0,10,MORTGAGE,credit_card,0
11095,10000,36,19.65,369.85,28000.0,5.79,746,32.3,15,25,1,0,1,MORTGAGE,debt_consolidation,0
11096,7500,36,27.97,310.11,64200.0,24.71,637,59.2,7,15,0,0,5,MORTGAGE,debt_consolidation,0
11097,10000,36,23.42,389.29,35700.0,27.56,727,32.7,7,25,2,0,5,OWN,credit_card,0
11098,7500,36,20.51,280.68,161800.0,4.3,703,75.0,7,17,0,0,10,MORTGAGE,debt_consolidation,0
11099,20000,36,24.34,788.23,99700.0,16.31,684,91.8,8,18,0,0,7,RENT,debt_consolidation,1
11100,10000,36,24.06,392.64,69400.0,23.61,682,36.0,11,24,0,0,3,RENT,debt_consolidation,0
11101,5000,60,23.06,141.12,116900.0,19.71,673,52.3,8,19,0,2,2,RENT,debt_consolidation,1
11102,35000,36,20.81,1315.22,45200.0,8.08,677,59.0,13,24,0,0,1,MORTGAGE,major_purchase,0
11103,25000,36,19.15,918.3,84500.0,8.6,737,60.4,13,26,0,0,10,OWN,home_improvement,0
11104,30000,36,22.81,1158.32,72400.0,15.34,676,50.9,15,29,0,2,7,OWN,credit_card,0
11105,35000,60,18.21,892.77,74500.0,13.11,776,50.6,10,17,0,0,7,MORTGAGE,small_business,0
11106,7500,36,18.94,274.69,117300.0,13.78,708,71.3,12,24,0,2,0,RENT,credit_card,0
11107,12000,36,22.9,463.89,92000.0,7.43,669,63.6,7,26,0,1,10,OWN,small_business,1
11108,20000,36,20.18,745.11,75400.0,16.77,739,79.7,6,17,0,0,7,OWN,debt_consolidation,0
11109,15000,36,24.84,595.13,31400.0,34.59,723,71.2,11,23,0,0,10,MORTGAGE,debt_consolidation,0
11110,7500,36,24.67,296.89,43000.0,8.28,621,50.4,4,16,0,0,7,RENT,credit_card,0
11111,20000,36,22.55,769.51,62600.0,14.68,648,28.3,8,21,0,0,3,MORTGAGE,credit_card,0
11112,10000,60,23.58,285.25,69000.0,22.33,690,40.2,14,26,0,0,3,MORTGAGE,debt_consolidation,0
11113,10000,36,26.46,405.36,39800.0,6.4,624,58.2,8,19,0,0,2,MORTGAGE,debt_consolidation,1
11114,15000,36,14.99,519.91,195900.0,16.86,789,28.3,10,21,0,0,10,MORTGAGE,debt_consolidation,0
11115,15000,60,20.92,405.13,130900.0,27.15,732,47.2,13,27,0,0,7,RENT,debt_consolidation,0
11116,15000,36,24.13,589.52,86800.0,9.33,694,87.0,7,15,0,0,2,RENT,debt_consolidation,0
11117,5000,36,26.47,202.71,68400.0,17.7,680,94.5,13,22,0,0,1,MORTGAGE,debt_consolidation,1
11118,25000,36,26.54,1014.47,60100.0,26.19,668,59.1,5,19,0,0,0,MORTGAGE,home_improvement,0
11119,10000,36,28.5,416.34,43100.0,42.0,607,16.5,9,20,0,0,10,MORTGAGE,credit_card,0
11120,7500,36,26.93,305.91,68500.0,17.24,617,73.0,8,18,0,0,2,OWN,home_improvement,0
11121,25000,60,16.09,609.15,74300.0,11.08,781,16.4,6,12,0,0,3,RENT,small_business,0
11122,30000,36,16.83,1067.05,37800.0,5.26,766,55.3,16,32,0,0,3,MORTGAGE,debt_consolidation,0
11123,25000,36,22.03,955.15,76900.0,11.14,669,57.7,17,22,0,0,5,OWN,debt_consolidation,1
11124,20000,36,18.48,727.87,61700.0,7.18,736,63.8,13,22,0,0,7,MORTGAGE,debt_consolidation,0
11125,15000,60,25.0,440.27,28000.0,35.97,718,81.6,12,24,0,0,10,RENT,major_purchase,1
11126,15000,60,19.8,395.74,44900.0,25.41,723,20.0,9,19,0,0,2,OWN,debt_consolidation,0
11127,5000,60,24.24,144.54,54900.0,8.6,631,53.2,10,29,0,0,7,MORTGAGE,credit_card,0
11128,12000,36,26.23,484.96,154700.0,10.73,614,29.6,9,28,0,0,3,RENT,debt_consolidation,0
11129,10000,36,17.44,358.72,85000.0,17.09,748,12.4,11,26,0,1,10,MORTGAGE,major_purchase,0
11130,10000,36,28.5,416.34,36300.0,27.05,606,68.1,7,20,0,0,3,MORTGAGE,debt_consolidation,0
11131,20000,36,26.29,808.91,82300.0,21.21,688,87.0,10,20,0,0,0,RENT,home_improvement,0
11132,12000,36,24.0,470.79,33000.0,20.19,678,59.8,9,16,0,0,5,OWN,debt_consolidation,0
11133,5000,36,25.63,200.47,107700.0,18.3,674,62.4,18,28,0,0,1,MORTGAGE,debt_consolidation,0
11134,10000,36,22.02,382.01,53500.0,8.87,709,86.1,5,22,0,1,0,OWN,credit_card,0
11135,15000,36,28.5,624.51,63400.0,17.21,665,6.9,10,23,3,0,7,OWN,major_purchase,0
11136,5000,36,20.77,187.79,120200.0,16.16,713,60.0,7,21,0,0,10,MORTGAGE,debt_consolidation,0
11137,25000,36,20.29,932.79,37100.0,7.12,701,44.8,7,13,0,0,5,MORTGAGE,major_purchase,0
11138,12000,36,20.14,446.82,35300.0,35.53,789,57.4,6,20,1,0,7,RENT,home_improvement,0
11139,12000,36,24.35,473.0,50900.0,11.92,633,50.0,10,21,0,0,5,RENT,home_improvement,0
11140,15000,36,19.7,555.16,105600.0,7.23,696,45.8,11,24,0,0,7,MORTGAGE,debt_consolidation,1
11141,25000,60,20.86,674.37,33400.0,13.02,714,35.2,6,18,0,0,7,OWN,debt_consolidation,1
11142,10000,36,23.75,391.02,24000.0,14.38,683,76.5,15,31,0,0,7,RENT,debt_consolidation,1
11143,15000,36,25.28,598.62,54000.0,15.91,635,78.9,14,26,1,0,2,MORTGAGE,major_purchase,1
11144,15000,36,18.65,547.19,84800.0,14.25,752,60.5,12,30,0,0,2,RENT,major_purchase,0
11145,10000,60,18.97,259.24,113600.0,16.38,710,35.7,14,27,0,2,5,MORTGAGE,credit_card,0
11146,25000,36,25.94,1006.47,53700.0,17.82,638,71.5,14,25,0,0,5,RENT,debt_consolidation,0
11147,20000,36,25.01,795.3,55000.0,17.36,715,78.6,8,19,1,0,10,OWN,debt_consolidation,0
11148,15000,36,16.88,533.9,111200.0,20.12,772,65.9,8,20,0,0,3,OWN,major_purchase,0
11149,25000,36,22.29,958.52,28500.0,20.73,693,74.6,12,23,0,0,2,MORTGAGE,debt_consolidation,0
11150,25000,36,20.07,929.98,55600.0,20.99,695,42.3,7,23,0,0,2,RENT,home_improvement,0
11151,20000,36,19.06,733.73,72100.0,23.61,766,68.9,9,16,0,0,2,RENT,debt_consolidation,0
11152,25000,60,20.71,672.26,81000.0,11.22,651,32.3,9,17,0,0,10,MORTGAGE,debt_consolidation,0
11153,15000,36,15.45,523.29,52600.0,11.45,773,70.8,12,26,0,0,5,MORTGAGE,home_improvement,1
11154,15000,60,20.07,397.99,67200.0,27.11,739,42.4,10,26,0,0,7,RENT,debt_consolidation,0
11155,15000,60,22.6,419.42,24000.0,13.23,653,18.3,10,25,0,0,5,RENT,debt_consolidation,0
11156,20000,36,23.92,783.82,49200.0,15.45,665,82.0,11,25,0,0,10,MORTGAGE,major_purchase,0
11157,7500,60,24.19,216.59,81200.0,14.74,671,66.1,7,17,0,0,10,MORTGAGE,credit_card,0
11158,25000,36,28.5,1040.85,42500.0,42.0,612,60.7,15,29,0,0,7,MORTGAGE,credit_card,1
11159,25000,36,21.35,946.38,68000.0,10.19,707,61.8,9,22,0,0,10,MORTGAGE,credit_card,0
11160,5000,36,22.01,190.98,80900.0,10.09,655,51.0,12,21,0,1,5,RENT,debt_consolidation,0
11161,25000,36,24.03,981.22,56700.0,16.41,708,63.4,12,23,0,0,10,MORTGAGE,debt_consolidation,0
11162,7500,36,22.83,289.66,71400.0,14.96,637,33.4,12,21,0,0,10,MORTGAGE,debt_consolidation,0
11163,10000,36,16.49,353.99,42900.0,8.55,737,33.5,13,26,0,0,10,RENT,debt_consolidation,0
11164,20000,36,21.54,759.06,60300.0,15.72,728,74.9,12,25,0,0,7,MORTGAGE,debt_consolidation,0
11165,7500,36,26.21,303.02,87100.0,16.64,663,67.1,7,19,1,0,10,RENT,home_improvement,0
11166,20000,36,22.64,770.45,71000.0,12.53,711,78.1,16,24,0,0,5,OWN,debt_consolidation,0
11167,25000,36,23.0,967.74,50800.0,15.24,699,90.5,17,34,0,0,2,RENT,credit_card,1
11168,12000,36,14.2,411.3,73200.0,10.74,762,25.7,13,24,0,0,3,RENT,debt_consolidation,0
11169,5000,36,22.35,191.86,91300.0,8.56,649,66.8,8,22,0,0,10,MORTGAGE,debt_consolidation,0
11170,10000,60,23.26,283.4,26300.0,13.18,688,38.5,8,19,0,0,0,MORTGAGE,debt_consolidation,0
11171,15000,36,23.32,583.15,111500.0,9.32,666,74.9,8,23,0,2,7,RENT,home_improvement,1
11172,35000,60,19.58,919.13,56900.0,7.63,697,39.2,10,17,0,0,3,RENT,debt_consolidation,0
11173,15000,36,23.99,588.41,80100.0,5.13,719,83.9,14,24,1,0,3,MORTGAGE,credit_card,0
11174,10000,36,24.3,393.91,113400.0,18.46,666,71.7,10,25,0,0,10,MORTGAGE,credit_card,0
11175,15000,36,23.3,582.99,35700.0,12.95,679,71.3,16,28,0,0,10,OWN,debt_consolidation,0
11176,15000,36,21.11,565.97,48100.0,27.19,738,21.0,10,22,2,0,7,MORTGAGE,debt_consolidation,0
11177,20000,36,16.3,706.11,58100.0,4.74,756,50.4,10,28,1,1,3,MORTGAGE,small_business,0
11178,7500,60,23.97,215.63,46500.0,13.52,717,83.9,11,27,0,0,5,MORTGAGE,debt_consolidation,0
11179,20000,36,25.32,798.59,144500.0,18.41,689,62.3,9,26,0,0,5,RENT,debt_consolidation,0
11180,15000,60,24.04,431.87,45000.0,11.61,685,73.4,12,23,0,0,3,RENT,credit_card,0
11181,35000,60,19.77,922.81,51500.0,16.15,720,17.2,13,35,0,0,1,RENT,credit_card,0
11182,10000,60,18.99,259.35,72500.0,5.16,705,22.2,9,17,0,0,5,MORTGAGE,debt_consolidation,0
11183,15000,60,24.79,438.43,38500.0,13.08,621,49.6,23,35,0,2,3,MORTGAGE,debt_consolidation,1
11184,30000,36,19.99,1114.75,55400.0,10.23,721,57.3,9,17,0,0,7,MORTGAGE,debt_consolidation,0
11185,7500,36,25.32,299.47,76300.0,25.83,656,58.2,7,18,0,0,3,RENT,debt_consolidation,0
11186,30000,36,21.95,1144.94,57000.0,17.82,631,34.8,9,22,0,0,5,RENT,debt_consolidation,0
11187,15000,36,28.44,624.02,63400.0,24.07,620,43.7,18,27,0,0,0,OWN,debt_consolidation,1
11188,5000,36,23.61,195.14,52100.0,28.65,685,24.9,14,23,0,0,10,MORTGAGE,debt_consolidation,0
11189,10000,36,22.61,385.07,33500.0,12.51,649,55.1,8,20,0,0,5,RENT,small_business,0
11190,20000,36,26.57,811.9,76500.0,17.44,590,25.8,9,21,0,0,0,RENT,credit_card,0
11191,5000,36,23.69,195.35,145800.0,8.84,679,66.8,7,20,0,0,5,MORTGAGE,small_business,1
11192,15000,36,23.97,588.26,66700.0,19.8,673,54.4,19,31,0,0,10,MORTGAGE,debt_consolidation,0
11193,10000,36,21.74,380.56,73200.0,21.24,688,67.4,7,26,0,0,10,RENT,debt_consolidation,1
11194,15000,36,21.55,569.37,90400.0,19.14,667,33.1,11,17,0,0,7,OWN,debt_consolidation,0
11195,5000,60,18.69,128.85,37400.0,12.51,777,54.0,13,26,0,0,1,MORTGAGE,home_improvement,0
11196,25000,36,23.07,968.66,142400.0,37.15,718,39.9,7,17,0,0,7,OWN,debt_consolidation,0
11197,35000,36,23.57,1365.26,72500.0,16.62,673,33.7,12,24,0,0,10,RENT,debt_consolidation,0
11198,35000,36,27.87,1445.27,137900.0,42.0,692,47.7,11,21,0,0,7,MORTGAGE,debt_consolidation,0
11199,20000,36,15.1,694.29,47600.0,8.87,759,27.2,17,34,0,0,10,MORTGAGE,debt_consolidation,0
11200,7500,36,21.74,285.42,150000.0,22.23,738,75.3,12,29,0,0,3,MORTGAGE,debt_consolidation,0
